source_url_sha256,source_url,external_host,classification,original_asset_url,target_sha256,source_transformed_bytes_verified,migration_original_available,remaining_evidence,source_evidence_sha256
009eea43a5b8e47d8c5ab05dc2ef7c270a20a37a761cdd1e36f97570136a9630,https://i0.wp.com/www.savinggrace.org.au/wp-content/uploads/2023/12/Cross-reduced-1-scaled.jpg?resize=300%2C200&ssl=1,i0.wp.com,intentional_existing_image_cdn,https://www.savinggrace.org.au/wp-content/uploads/2023/12/Cross-reduced-1-scaled.jpg,bd5d3471058cae05b97d2ad12efa0476254f10d9f04603c160af130b50b24960,false,true,transformed_response_identity_unverified,f7c87772393ae307326335eef8ab4da131251e4e60a454786ca3de24fdf37ca1
00c283f77259c3ea1d278fad4cf8e807ffcb4d25d0c1d4e705de9119c9677534,https://i0.wp.com/savinggrace.org.au/wp-content/uploads/2023/12/New-Project-3.jpg?resize=236%2C154&ssl=1,i0.wp.com,intentional_existing_image_cdn,https://savinggrace.org.au/wp-content/uploads/2023/12/New-Project-3.jpg,7418ce7a7b1021c14305f95d931ccd77a77f06e53f79c66bf9ca260de7ee79d3,false,true,transformed_response_identity_unverified,f7c87772393ae307326335eef8ab4da131251e4e60a454786ca3de24fdf37ca1
00d1bbbea3f088c017ea1eb084cff4bd463c36e2e52ff3e0c1b4d8b4e61e23cc,https://i0.wp.com/savinggrace.org.au/wp-content/uploads/2023/11/1xwvmneiyky.jpg?resize=555%2C833&ssl=1,i0.wp.com,intentional_existing_image_cdn,https://savinggrace.org.au/wp-content/uploads/2023/11/1xwvmneiyky.jpg,058684c0516fa9f62b9850aaaffb38b7e15249c28f31786e8263d94d71fb902b,false,true,transformed_response_identity_unverified,f7c87772393ae307326335eef8ab4da131251e4e60a454786ca3de24fdf37ca1
0109b4c92f2e8d72663bd4c1573b092a2b59930a330ffa479baebf1c74028785,https://i0.wp.com/www.savinggrace.org.au/wp-content/uploads/2023/11/48394120_125688415044051_1958516288250707968_n.jpg?fit=798%2C240&ssl=1,i0.wp.com,intentional_existing_image_cdn,https://www.savinggrace.org.au/wp-content/uploads/2023/11/48394120_125688415044051_1958516288250707968_n.jpg,55ca3485617cdf68e5b0a468ae074d591cd2f2a89ee0685f2c095f395d58a1e4,false,true,transformed_response_identity_unverified,f7c87772393ae307326335eef8ab4da131251e4e60a454786ca3de24fdf37ca1
010c5b8e1a2b32b75e7d525a0d4d3dc1249b4420f6ef61118cae97f27c657fde,https://i0.wp.com/www.savinggrace.org.au/wp-content/uploads/2024/01/Saving-Grace-Bible-Church-Lords-Day-Service.jpg?resize=768%2C512&ssl=1,i0.wp.com,intentional_existing_image_cdn,https://www.savinggrace.org.au/wp-content/uploads/2024/01/Saving-Grace-Bible-Church-Lords-Day-Service.jpg,5c3420628e9d05643fff1fbaab3c3d0d65a4a0ada8aa20cd0d96ecd230c42e6b,false,true,transformed_response_identity_unverified,f7c87772393ae307326335eef8ab4da131251e4e60a454786ca3de24fdf37ca1
029b5bd608903a8cbcefc992ef34c7e11c4174c09bee35095749bb5e54388b15,https://i0.wp.com/www.savinggrace.org.au/wp-content/uploads/2023/11/48394120_125688415044051_1958516288250707968_n.jpg?resize=300%2C90&ssl=1,i0.wp.com,intentional_existing_image_cdn,https://www.savinggrace.org.au/wp-content/uploads/2023/11/48394120_125688415044051_1958516288250707968_n.jpg,55ca3485617cdf68e5b0a468ae074d591cd2f2a89ee0685f2c095f395d58a1e4,false,true,transformed_response_identity_unverified,f7c87772393ae307326335eef8ab4da131251e4e60a454786ca3de24fdf37ca1
0356e80f9dd7159c9d1dd94992e3e0b59eb5fd78a3896865e454e8b006f8d649,https://i0.wp.com/savinggrace.org.au/wp-content/uploads/2025/08/Bible-Study-Invitation-by-Candlelight-300x200.png?resize=300%2C200&ssl=1,i0.wp.com,intentional_existing_image_cdn,https://savinggrace.org.au/wp-content/uploads/2025/08/Bible-Study-Invitation-by-Candlelight-300x200.png,1dfe58a89fa3eb6fbc292eabf65acd4eaa68cd06e7ff711c23eec10a0e5eaa87,false,true,transformed_response_identity_unverified,f7c87772393ae307326335eef8ab4da131251e4e60a454786ca3de24fdf37ca1
03735a3d151bac38a4f6f1858e17a31fa66f063f978e9dff3ba3d850ffb59d78,https://stage.savinggrace.org.au/wp-content/uploads/2023/09/Statement-of-faith-2-1.jpg,stage.savinggrace.org.au,broken_staging_social_logo_corrected,,,false,false,reference_identity_and_current_response_unverified,f7c87772393ae307326335eef8ab4da131251e4e60a454786ca3de24fdf37ca1
03b3f61d663857892bca8944c3ebbb92648a48f5f319e4cc2c3b5102a3d16191,https://i0.wp.com/www.savinggrace.org.au/wp-content/uploads/2025/01/Blessing-of-Humility-The-Bridges-Jerry.jpg?fit=420%2C630&ssl=1,i0.wp.com,intentional_existing_image_cdn,https://www.savinggrace.org.au/wp-content/uploads/2025/01/Blessing-of-Humility-The-Bridges-Jerry.jpg,a0d20e7dbca4c13aa438b9fa344c01ce7c35e905178c242aad697e6d83fadf16,false,true,transformed_response_identity_unverified,f7c87772393ae307326335eef8ab4da131251e4e60a454786ca3de24fdf37ca1
042fc4cb5f2be5c42522d7fa136c10bad2ccc7da774ab9f927ecb26128abc19f,https://i0.wp.com/savinggrace.org.au/wp-content/uploads/2023/12/y3tl-cbu-cu-300x198.jpg?resize=300%2C198&ssl=1,i0.wp.com,intentional_existing_image_cdn,https://savinggrace.org.au/wp-content/uploads/2023/12/y3tl-cbu-cu-300x198.jpg,8aa537fb593881333e0a34a95f0167309b88b37cc1c5a5d30d20bea571372042,false,true,transformed_response_identity_unverified,f7c87772393ae307326335eef8ab4da131251e4e60a454786ca3de24fdf37ca1
05385fefd616ed27cd04dc62a774216356029576643010943bc9767e1e11ec04,https://i0.wp.com/www.savinggrace.org.au/wp-content/uploads/2023/09/4k2lip0zc_k.jpg?resize=1140%2C760&ssl=1,i0.wp.com,intentional_existing_image_cdn,https://www.savinggrace.org.au/wp-content/uploads/2023/09/4k2lip0zc_k.jpg,204b323a0402167f379372c8ea6c3cdc9789ce15755d7e4c4a208b1618e8c8a7,false,true,transformed_response_identity_unverified,f7c87772393ae307326335eef8ab4da131251e4e60a454786ca3de24fdf37ca1
05fe770e012c2ba2db96b6911e85981bcd6df171cb6e57595cf456c551f8f1c1,https://i0.wp.com/www.savinggrace.org.au/wp-content/uploads/2023/12/mo9vkbg5csg.jpg?resize=555%2C370&ssl=1,i0.wp.com,intentional_existing_image_cdn,https://www.savinggrace.org.au/wp-content/uploads/2023/12/mo9vkbg5csg.jpg,8b5f07153e575c7fe3eb394cf95552f6eeeb9995c802218eb0f55520207dc765,false,true,transformed_response_identity_unverified,f7c87772393ae307326335eef8ab4da131251e4e60a454786ca3de24fdf37ca1
06a965c065626855e1a164a5fdefd42cb3d499cab1c0aaa36330da70f04cfb00,https://i0.wp.com/www.savinggrace.org.au/wp-content/uploads/2021/02/Ralph.jpg?resize=989%2C1024&ssl=1,i0.wp.com,intentional_existing_image_cdn,https://www.savinggrace.org.au/wp-content/uploads/2021/02/Ralph.jpg,b55c1facf0bfdb709ce55467e2cdbc65ad2c36ccc9fb2dcda77d93cbce3793ce,false,true,transformed_response_identity_unverified,f7c87772393ae307326335eef8ab4da131251e4e60a454786ca3de24fdf37ca1
06adcd7a7bd44dadfe1361b416210e48203aa19e1b1e0469fd04c6ad875eda92,https://i0.wp.com/www.savinggrace.org.au/wp-content/uploads/2023/12/Mens-Theological-Study-small-1.jpg?resize=262%2C175&ssl=1,i0.wp.com,intentional_existing_image_cdn,https://www.savinggrace.org.au/wp-content/uploads/2023/12/Mens-Theological-Study-small-1.jpg,26c74b018500649c25270a7fd4ea59e7056cd4915f641391d99395e8e6975454,false,true,transformed_response_identity_unverified,f7c87772393ae307326335eef8ab4da131251e4e60a454786ca3de24fdf37ca1
08060ee1a08056506b5a22d611122a1bf4a01f42807dfdf7efbf07cdf8fde1f9,https://i0.wp.com/savinggrace.org.au/wp-content/uploads/2023/12/Cross-reduced-1-scaled.jpg?resize=262%2C175&ssl=1,i0.wp.com,intentional_existing_image_cdn,https://savinggrace.org.au/wp-content/uploads/2023/12/Cross-reduced-1-scaled.jpg,bd5d3471058cae05b97d2ad12efa0476254f10d9f04603c160af130b50b24960,false,true,transformed_response_identity_unverified,f7c87772393ae307326335eef8ab4da131251e4e60a454786ca3de24fdf37ca1
082cd8e51cb5baf154c63406ef07a73bf79ba551a806818f088aaf4d1e1747b1,https://i0.wp.com/www.savinggrace.org.au/wp-content/uploads/2023/12/Saving-Grace-Bible-Church-fellowship-1.jpg?resize=300%2C169&ssl=1,i0.wp.com,intentional_existing_image_cdn,https://www.savinggrace.org.au/wp-content/uploads/2023/12/Saving-Grace-Bible-Church-fellowship-1.jpg,cc061318465ddea1dd011822f6da166c17d2094cabf59e5407e4e1522a233971,false,true,transformed_response_identity_unverified,f7c87772393ae307326335eef8ab4da131251e4e60a454786ca3de24fdf37ca1
0a0d746b1e6a400a463fa960b820f8cfc2a24d17930bfa8795ec3b393fc19a7a,https://i0.wp.com/savinggrace.org.au/wp-content/uploads/2023/11/48394120_125688415044051_1958516288250707968_n.jpg?resize=300%2C90&ssl=1,i0.wp.com,intentional_existing_image_cdn,https://savinggrace.org.au/wp-content/uploads/2023/11/48394120_125688415044051_1958516288250707968_n.jpg,55ca3485617cdf68e5b0a468ae074d591cd2f2a89ee0685f2c095f395d58a1e4,false,true,transformed_response_identity_unverified,f7c87772393ae307326335eef8ab4da131251e4e60a454786ca3de24fdf37ca1
0a24795cbd6d84e6ee4ded171ffd22500c134a27abf1bc0b9fca6be2d7a1d6cc,https://i0.wp.com/savinggrace.org.au/wp-content/uploads/2023/12/y3tl-cbu-cu.jpg?resize=1024%2C675&ssl=1,i0.wp.com,intentional_existing_image_cdn,https://savinggrace.org.au/wp-content/uploads/2023/12/y3tl-cbu-cu.jpg,d0502d68f9e2c7f18fbfaf4edc3c8f0d6fc8568d36d7ee3411b9d6921019d908,false,true,transformed_response_identity_unverified,f7c87772393ae307326335eef8ab4da131251e4e60a454786ca3de24fdf37ca1
0a273697b93f25deb7c208d5f0d0d5df5560398b5c70aef751ff637d2df3c763,https://i0.wp.com/savinggrace.org.au/wp-content/uploads/2024/01/Saving-Grace-Bible-Church-Lords-Day-Service.jpg?resize=1140%2C760&ssl=1,i0.wp.com,intentional_existing_image_cdn,https://savinggrace.org.au/wp-content/uploads/2024/01/Saving-Grace-Bible-Church-Lords-Day-Service.jpg,5c3420628e9d05643fff1fbaab3c3d0d65a4a0ada8aa20cd0d96ecd230c42e6b,false,true,transformed_response_identity_unverified,f7c87772393ae307326335eef8ab4da131251e4e60a454786ca3de24fdf37ca1
0aa1685eecb659e0c20acb1ef26b8d6f66e8baa73a7976328d965833f160567f,https://i0.wp.com/savinggrace.org.au/wp-content/uploads/2025/08/SGBC-End-Times-Bible-Study-1.png?resize=106%2C106&ssl=1,i0.wp.com,intentional_existing_image_cdn,https://savinggrace.org.au/wp-content/uploads/2025/08/SGBC-End-Times-Bible-Study-1.png,aa1099abea012d766bd0dca21dfdec98426a510f79f574ce84c5446989e4754a,false,true,transformed_response_identity_unverified,f7c87772393ae307326335eef8ab4da131251e4e60a454786ca3de24fdf37ca1
0b0b72ddd8cb25167b9f2d13c5f7aa4709b0c03866e71e617c6a474c78b7db13,https://i0.wp.com/savinggrace.org.au/wp-content/uploads/2024/01/Saving-Grace-Bible-Church-Lords-Day-Service.jpg?resize=1024%2C683&ssl=1,i0.wp.com,intentional_existing_image_cdn,https://savinggrace.org.au/wp-content/uploads/2024/01/Saving-Grace-Bible-Church-Lords-Day-Service.jpg,5c3420628e9d05643fff1fbaab3c3d0d65a4a0ada8aa20cd0d96ecd230c42e6b,false,true,transformed_response_identity_unverified,f7c87772393ae307326335eef8ab4da131251e4e60a454786ca3de24fdf37ca1
0b0c75b31ffe5ab76487a07d6088df632ccd5daae48916cf7c1de243deeb3123,https://i0.wp.com/www.savinggrace.org.au/wp-content/uploads/2021/02/WesProfile.jpg?resize=768%2C799&ssl=1,i0.wp.com,intentional_existing_image_cdn,https://www.savinggrace.org.au/wp-content/uploads/2021/02/WesProfile.jpg,f38f2289c51831487270d8cb972c896a59951856a06c9a982c1f00a5faa98855,false,true,transformed_response_identity_unverified,f7c87772393ae307326335eef8ab4da131251e4e60a454786ca3de24fdf37ca1
0be97075709b6511537d8b9408857e3be78a5cd487e122db6b0fc566631aef7b,https://i0.wp.com/savinggrace.org.au/wp-content/uploads/2025/01/Blessing-of-Humility-The-Bridges-Jerry.jpg?resize=262%2C393&ssl=1,i0.wp.com,intentional_existing_image_cdn,https://savinggrace.org.au/wp-content/uploads/2025/01/Blessing-of-Humility-The-Bridges-Jerry.jpg,a0d20e7dbca4c13aa438b9fa344c01ce7c35e905178c242aad697e6d83fadf16,false,true,transformed_response_identity_unverified,f7c87772393ae307326335eef8ab4da131251e4e60a454786ca3de24fdf37ca1
0d11616bd4d50aeb7be8964e071900d6a9d3427456e8e24955ceeacf93647d28,https://i0.wp.com/savinggrace.org.au/wp-content/uploads/2023/12/u5e1kqw6e3m.jpg?w=1600&ssl=1,i0.wp.com,intentional_existing_image_cdn,https://savinggrace.org.au/wp-content/uploads/2023/12/u5e1kqw6e3m.jpg,2e4515927cb6e972394a097112951e9eb09ab59a205e56d40361edbc08ef2cb5,false,true,transformed_response_identity_unverified,f7c87772393ae307326335eef8ab4da131251e4e60a454786ca3de24fdf37ca1
0deb5ad9fa50cb6863475ed5886ae28189883125c68e3b8c8e2dd83a6f2062e7,https://i0.wp.com/savinggrace.org.au/wp-content/uploads/2023/12/Saving-Grace-Bible-Church-fellowship-1.jpg?resize=262%2C147&ssl=1,i0.wp.com,intentional_existing_image_cdn,https://savinggrace.org.au/wp-content/uploads/2023/12/Saving-Grace-Bible-Church-fellowship-1.jpg,cc061318465ddea1dd011822f6da166c17d2094cabf59e5407e4e1522a233971,false,true,transformed_response_identity_unverified,f7c87772393ae307326335eef8ab4da131251e4e60a454786ca3de24fdf37ca1
0e3ba4661b9348c1a2e916c2b8bf93a893aa777e251f41cb2704be30e5936841,https://i0.wp.com/www.savinggrace.org.au/wp-content/uploads/2023/12/Music-Ministry-SGBC.jpg?resize=1140%2C570&ssl=1,i0.wp.com,intentional_existing_image_cdn,https://www.savinggrace.org.au/wp-content/uploads/2023/12/Music-Ministry-SGBC.jpg,e3122ac86f937878c9a041a9887b3e8f15f4ba48158d6ee45f57ff1954d31eb3,false,true,transformed_response_identity_unverified,f7c87772393ae307326335eef8ab4da131251e4e60a454786ca3de24fdf37ca1
0eac7636d1cf1c974eb52dcb15cb5fc3d19690e7cdae67e42630bd8450363e09,https://i0.wp.com/www.savinggrace.org.au/wp-content/uploads/2023/09/4k2lip0zc_k.jpg?resize=768%2C513&ssl=1,i0.wp.com,intentional_existing_image_cdn,https://www.savinggrace.org.au/wp-content/uploads/2023/09/4k2lip0zc_k.jpg,204b323a0402167f379372c8ea6c3cdc9789ce15755d7e4c4a208b1618e8c8a7,false,true,transformed_response_identity_unverified,f7c87772393ae307326335eef8ab4da131251e4e60a454786ca3de24fdf37ca1
10cbd231c39a8ed6d0c5afb35e5fb40c2d4cb98da7b4ee9dfa3039606f87fc40,https://i0.wp.com/savinggrace.org.au/wp-content/uploads/2021/02/WesProfile.jpg?resize=600%2C625&ssl=1,i0.wp.com,intentional_existing_image_cdn,https://savinggrace.org.au/wp-content/uploads/2021/02/WesProfile.jpg,f38f2289c51831487270d8cb972c896a59951856a06c9a982c1f00a5faa98855,false,true,transformed_response_identity_unverified,f7c87772393ae307326335eef8ab4da131251e4e60a454786ca3de24fdf37ca1
1189c58952ac6cb95b2abd31159a5e9184e4f5090097f364308508487c598e55,https://i0.wp.com/www.savinggrace.org.au/wp-content/uploads/2023/12/u5e1kqw6e3m.jpg?resize=360%2C240&ssl=1,i0.wp.com,intentional_existing_image_cdn,https://www.savinggrace.org.au/wp-content/uploads/2023/12/u5e1kqw6e3m.jpg,2e4515927cb6e972394a097112951e9eb09ab59a205e56d40361edbc08ef2cb5,false,true,transformed_response_identity_unverified,f7c87772393ae307326335eef8ab4da131251e4e60a454786ca3de24fdf37ca1
11f5e520aae34e308f67a6551832a6d953581d449ac897c8921dc2b0ff21b649,https://i0.wp.com/www.savinggrace.org.au/wp-content/uploads/2023/12/Music-Ministry-SGBC.jpg?resize=300%2C150&ssl=1,i0.wp.com,intentional_existing_image_cdn,https://www.savinggrace.org.au/wp-content/uploads/2023/12/Music-Ministry-SGBC.jpg,e3122ac86f937878c9a041a9887b3e8f15f4ba48158d6ee45f57ff1954d31eb3,false,true,transformed_response_identity_unverified,f7c87772393ae307326335eef8ab4da131251e4e60a454786ca3de24fdf37ca1
13562c0b9a47f02e622f06a780dd570a7641c4c0361fadecc940c2a49bea122a,https://i0.wp.com/savinggrace.org.au/wp-content/uploads/2023/12/y3tl-cbu-cu.jpg?resize=262%2C173&ssl=1,i0.wp.com,intentional_existing_image_cdn,https://savinggrace.org.au/wp-content/uploads/2023/12/y3tl-cbu-cu.jpg,d0502d68f9e2c7f18fbfaf4edc3c8f0d6fc8568d36d7ee3411b9d6921019d908,false,true,transformed_response_identity_unverified,f7c87772393ae307326335eef8ab4da131251e4e60a454786ca3de24fdf37ca1
1356ebe2d635e48a3c12fb6e024d39c8a8075da1bb9f5c2434e44cb936ed316c,https://church-event.vamtam.com/wp-content/uploads/2014/04/slider_shop_bg_big2.jpg,church-event.vamtam.com,external_image_identity_unverified,,,false,false,reference_identity_and_current_response_unverified,f7c87772393ae307326335eef8ab4da131251e4e60a454786ca3de24fdf37ca1
13571c6f4eb462e02f77bc7c3fe499818a8112a1ba5c7523515b42c6e1ce78a4,https://i0.wp.com/www.savinggrace.org.au/wp-content/uploads/2023/12/Saving-Grace-Bible-Church-fellowship-1.jpg?resize=555%2C312&ssl=1,i0.wp.com,intentional_existing_image_cdn,https://www.savinggrace.org.au/wp-content/uploads/2023/12/Saving-Grace-Bible-Church-fellowship-1.jpg,cc061318465ddea1dd011822f6da166c17d2094cabf59e5407e4e1522a233971,false,true,transformed_response_identity_unverified,f7c87772393ae307326335eef8ab4da131251e4e60a454786ca3de24fdf37ca1
137e5bab4a9b26a53deec2647c9b88434a2cbb578690c4705fc5fa6ee4aa41cf,https://i0.wp.com/savinggrace.org.au/wp-content/uploads/2023/12/vnlzft8kcg.jpg?resize=555%2C370&ssl=1,i0.wp.com,intentional_existing_image_cdn,https://savinggrace.org.au/wp-content/uploads/2023/12/vnlzft8kcg.jpg,00355c720bd4751be1bb6471f8cb2c0a978e604fe03b8a79ddf55e72c9f14a79,false,true,transformed_response_identity_unverified,f7c87772393ae307326335eef8ab4da131251e4e60a454786ca3de24fdf37ca1
141e872cd5b408b444e7f38d2ae7344655edfd364d89a292b89655e0bcef9d8b,https://i0.wp.com/www.savinggrace.org.au/wp-content/uploads/2025/08/SGBC-End-Times-Bible-Study-1.png?resize=60%2C60&ssl=1,i0.wp.com,intentional_existing_image_cdn,https://www.savinggrace.org.au/wp-content/uploads/2025/08/SGBC-End-Times-Bible-Study-1.png,aa1099abea012d766bd0dca21dfdec98426a510f79f574ce84c5446989e4754a,false,true,transformed_response_identity_unverified,f7c87772393ae307326335eef8ab4da131251e4e60a454786ca3de24fdf37ca1
166352feeb1da1f1f48ae17b8f9a38382aedd56eeec218d9e916c0f8fee0db7a,https://i0.wp.com/savinggrace.org.au/wp-content/uploads/2023/12/d9sarvjfhm.jpg?resize=555%2C370&ssl=1,i0.wp.com,intentional_existing_image_cdn,https://savinggrace.org.au/wp-content/uploads/2023/12/d9sarvjfhm.jpg,228715269b94f395bf03a8bd7af724a695fc2d373f503e31c7987ddd3c51e9fc,false,true,transformed_response_identity_unverified,f7c87772393ae307326335eef8ab4da131251e4e60a454786ca3de24fdf37ca1
1797b2dea9b339c900138ac0abc8e18e4ea26f0edd2440bc5d8aa9848ac38499,https://i0.wp.com/www.savinggrace.org.au/wp-content/uploads/2025/01/Fight-Like-A-Man.jpg?resize=194%2C300&ssl=1,i0.wp.com,intentional_existing_image_cdn,https://www.savinggrace.org.au/wp-content/uploads/2025/01/Fight-Like-A-Man.jpg,e400ab25772316c97be01e4680359e22a4105bfd5bda5e3e9ad70692f269bc26,false,true,transformed_response_identity_unverified,f7c87772393ae307326335eef8ab4da131251e4e60a454786ca3de24fdf37ca1
182bb7637f9b7ff89156388f930f2d69fc511524de41122909f54c888b18fe26,https://i0.wp.com/www.savinggrace.org.au/wp-content/uploads/2023/12/Cross-reduced-1-scaled.jpg?resize=555%2C370&ssl=1,i0.wp.com,intentional_existing_image_cdn,https://www.savinggrace.org.au/wp-content/uploads/2023/12/Cross-reduced-1-scaled.jpg,bd5d3471058cae05b97d2ad12efa0476254f10d9f04603c160af130b50b24960,false,true,transformed_response_identity_unverified,f7c87772393ae307326335eef8ab4da131251e4e60a454786ca3de24fdf37ca1
18374dde76f7e1c55b3f4abca0442eddfd8c105c47d15133e9a97b0bbf84295c,https://i0.wp.com/savinggrace.org.au/wp-content/uploads/2023/11/Ralph-Profile-Image.jpg?resize=250%2C300&ssl=1,i0.wp.com,intentional_existing_image_cdn,https://savinggrace.org.au/wp-content/uploads/2023/11/Ralph-Profile-Image.jpg,d3bcb6421d862144be492a3451cfdcae108420d67f58317c97e6147ac5ad31ae,false,true,transformed_response_identity_unverified,f7c87772393ae307326335eef8ab4da131251e4e60a454786ca3de24fdf37ca1
194563311f5d8f9463ab0d9061d41eb0f2a3c865054b8dd31ddd87fd1c9747a8,https://i0.wp.com/www.savinggrace.org.au/wp-content/uploads/2023/11/WaterBaptism-1.png?resize=262%2C148&ssl=1,i0.wp.com,intentional_existing_image_cdn,https://www.savinggrace.org.au/wp-content/uploads/2023/11/WaterBaptism-1.png,77919e65187a573a62ce3be6a5cc0f026097cf0abae34529b0239c01fdba7752,false,true,transformed_response_identity_unverified,f7c87772393ae307326335eef8ab4da131251e4e60a454786ca3de24fdf37ca1
1a9e97167fc6d17124973be00ff4636a62cf2ced7e81a456e74a4a2a69a72b0c,https://i0.wp.com/savinggrace.org.au/wp-content/uploads/2023/12/d9sarvjfhm.jpg?resize=768%2C512&ssl=1,i0.wp.com,intentional_existing_image_cdn,https://savinggrace.org.au/wp-content/uploads/2023/12/d9sarvjfhm.jpg,228715269b94f395bf03a8bd7af724a695fc2d373f503e31c7987ddd3c51e9fc,false,true,transformed_response_identity_unverified,f7c87772393ae307326335eef8ab4da131251e4e60a454786ca3de24fdf37ca1
1c13263113ee6d426704b67f853c1eecab1d0e20847bac36f3dd4aec69a39642,https://i0.wp.com/www.savinggrace.org.au/wp-content/uploads/2023/12/Saving-Grace-Bible-Church-fellowship-1.jpg?fit=1024%2C576&ssl=1,i0.wp.com,intentional_existing_image_cdn,https://www.savinggrace.org.au/wp-content/uploads/2023/12/Saving-Grace-Bible-Church-fellowship-1.jpg,cc061318465ddea1dd011822f6da166c17d2094cabf59e5407e4e1522a233971,false,true,transformed_response_identity_unverified,f7c87772393ae307326335eef8ab4da131251e4e60a454786ca3de24fdf37ca1
1c5603f81565963b8bc0bf1191b76f0a3b6a8814d5969666dc1ce94919598c43,https://i0.wp.com/www.savinggrace.org.au/wp-content/uploads/2023/11/Ralph-Profile-Image.jpg?fit=600%2C721&ssl=1,i0.wp.com,intentional_existing_image_cdn,https://www.savinggrace.org.au/wp-content/uploads/2023/11/Ralph-Profile-Image.jpg,d3bcb6421d862144be492a3451cfdcae108420d67f58317c97e6147ac5ad31ae,false,true,transformed_response_identity_unverified,f7c87772393ae307326335eef8ab4da131251e4e60a454786ca3de24fdf37ca1
1cce3604ae20ca151626e43cff4a456bc48dc81655ad74fd467614edac06d105,https://i0.wp.com/www.savinggrace.org.au/wp-content/uploads/2021/02/Ralph.jpg?resize=600%2C622&ssl=1,i0.wp.com,intentional_existing_image_cdn,https://www.savinggrace.org.au/wp-content/uploads/2021/02/Ralph.jpg,b55c1facf0bfdb709ce55467e2cdbc65ad2c36ccc9fb2dcda77d93cbce3793ce,false,true,transformed_response_identity_unverified,f7c87772393ae307326335eef8ab4da131251e4e60a454786ca3de24fdf37ca1
1d34b27553685f4806d2cc7472c190c12da1c3b55a141604b15d74069870470a,https://i0.wp.com/www.savinggrace.org.au/wp-content/uploads/2023/12/u5e1kqw6e3m.jpg?resize=555%2C370&ssl=1,i0.wp.com,intentional_existing_image_cdn,https://www.savinggrace.org.au/wp-content/uploads/2023/12/u5e1kqw6e3m.jpg,2e4515927cb6e972394a097112951e9eb09ab59a205e56d40361edbc08ef2cb5,false,true,transformed_response_identity_unverified,f7c87772393ae307326335eef8ab4da131251e4e60a454786ca3de24fdf37ca1
1e14ceac640d473d2aa4b43e17d4ebdb7024977af031354bfd66cb027686dde9,https://i0.wp.com/www.savinggrace.org.au/wp-content/uploads/2021/02/Ralph.jpg?fit=290%2C300&ssl=1,i0.wp.com,intentional_existing_image_cdn,https://www.savinggrace.org.au/wp-content/uploads/2021/02/Ralph.jpg,b55c1facf0bfdb709ce55467e2cdbc65ad2c36ccc9fb2dcda77d93cbce3793ce,false,true,transformed_response_identity_unverified,f7c87772393ae307326335eef8ab4da131251e4e60a454786ca3de24fdf37ca1
1f8a9bffe886b4d324f818fe2b7315f7283606879b93aa53c9f2a3c9d7bcbd14,https://i0.wp.com/www.savinggrace.org.au/wp-content/uploads/2023/12/d9sarvjfhm.jpg?resize=1536%2C1024&ssl=1,i0.wp.com,intentional_existing_image_cdn,https://www.savinggrace.org.au/wp-content/uploads/2023/12/d9sarvjfhm.jpg,228715269b94f395bf03a8bd7af724a695fc2d373f503e31c7987ddd3c51e9fc,false,true,transformed_response_identity_unverified,f7c87772393ae307326335eef8ab4da131251e4e60a454786ca3de24fdf37ca1
1fb27d1544962a432a5c6a5d5426061b72cb66839106ed3628ddde5cd9146a51,https://i0.wp.com/savinggrace.org.au/wp-content/uploads/2024/01/Saving-Grace-Bible-Church-Lords-Day-Service.jpg?resize=300%2C200&ssl=1,i0.wp.com,intentional_existing_image_cdn,https://savinggrace.org.au/wp-content/uploads/2024/01/Saving-Grace-Bible-Church-Lords-Day-Service.jpg,5c3420628e9d05643fff1fbaab3c3d0d65a4a0ada8aa20cd0d96ecd230c42e6b,false,true,transformed_response_identity_unverified,f7c87772393ae307326335eef8ab4da131251e4e60a454786ca3de24fdf37ca1
1fed59bc180c25f691551b20095f90dcdd2daa88500fb07b60edcb99a3ae87b1,https://i0.wp.com/savinggrace.org.au/wp-content/uploads/2023/11/cropped-SGBC-Logo-new-no-flick-favicon-small-1-1.jpg?fit=192%2C192&ssl=1,i0.wp.com,intentional_existing_image_cdn,https://savinggrace.org.au/wp-content/uploads/2023/11/cropped-SGBC-Logo-new-no-flick-favicon-small-1-1.jpg,c8d73bd6bb5b523b3295f902b5cbcb22a489f73febb6525a60b0814645fe03d9,false,true,transformed_response_identity_unverified,f7c87772393ae307326335eef8ab4da131251e4e60a454786ca3de24fdf37ca1
2186a1b63b5f7c19a9d2d28613db4e9b648c53792340017aaf9b36f1fb0fd04a,https://i0.wp.com/savinggrace.org.au/wp-content/uploads/2023/09/4k2lip0zc_k.jpg?resize=300%2C200&ssl=1,i0.wp.com,intentional_existing_image_cdn,https://savinggrace.org.au/wp-content/uploads/2023/09/4k2lip0zc_k.jpg,204b323a0402167f379372c8ea6c3cdc9789ce15755d7e4c4a208b1618e8c8a7,false,true,transformed_response_identity_unverified,f7c87772393ae307326335eef8ab4da131251e4e60a454786ca3de24fdf37ca1
21999b99cf62066350e5955beda3dad6202611cb68ce405c403a719f45b94c78,https://i0.wp.com/www.savinggrace.org.au/wp-content/uploads/2024/01/Saving-Grace-Bible-Church-Lords-Day-Service.jpg?resize=300%2C200&ssl=1,i0.wp.com,intentional_existing_image_cdn,https://www.savinggrace.org.au/wp-content/uploads/2024/01/Saving-Grace-Bible-Church-Lords-Day-Service.jpg,5c3420628e9d05643fff1fbaab3c3d0d65a4a0ada8aa20cd0d96ecd230c42e6b,false,true,transformed_response_identity_unverified,f7c87772393ae307326335eef8ab4da131251e4e60a454786ca3de24fdf37ca1
21b5420a040d2ec0f7140e4efd210c6be887024642967d1d0c28b36503b37b09,https://i0.wp.com/savinggrace.org.au/wp-content/uploads/2023/12/Mens-Theological-Study-small-1.jpg?fit=300%2C200&ssl=1,i0.wp.com,intentional_existing_image_cdn,https://savinggrace.org.au/wp-content/uploads/2023/12/Mens-Theological-Study-small-1.jpg,26c74b018500649c25270a7fd4ea59e7056cd4915f641391d99395e8e6975454,false,true,transformed_response_identity_unverified,f7c87772393ae307326335eef8ab4da131251e4e60a454786ca3de24fdf37ca1
23339db79c8b93a173a0dbc6881226569f4e956af9f588b663c597023d70bd6f,https://i0.wp.com/savinggrace.org.au/wp-content/uploads/2025/08/SGBC-End-Times-Bible-Study-1.png?resize=555%2C555&ssl=1,i0.wp.com,intentional_existing_image_cdn,https://savinggrace.org.au/wp-content/uploads/2025/08/SGBC-End-Times-Bible-Study-1.png,aa1099abea012d766bd0dca21dfdec98426a510f79f574ce84c5446989e4754a,false,true,transformed_response_identity_unverified,f7c87772393ae307326335eef8ab4da131251e4e60a454786ca3de24fdf37ca1
23d0923a12603ce7636e5b7bc00dbdb6fa6f3467b1c93d42ac55afa159d3beed,https://i0.wp.com/savinggrace.org.au/wp-content/uploads/2024/01/Saving-Grace-Bible-Church-Lords-Day-Service.jpg?resize=555%2C370&ssl=1,i0.wp.com,intentional_existing_image_cdn,https://savinggrace.org.au/wp-content/uploads/2024/01/Saving-Grace-Bible-Church-Lords-Day-Service.jpg,5c3420628e9d05643fff1fbaab3c3d0d65a4a0ada8aa20cd0d96ecd230c42e6b,false,true,transformed_response_identity_unverified,f7c87772393ae307326335eef8ab4da131251e4e60a454786ca3de24fdf37ca1
23f6a5a6673363bfd4b87c55e5aeb883c126ce4e74cdad64a70fbbda01714935,https://i0.wp.com/savinggrace.org.au/wp-content/uploads/2023/12/vnlzft8kcg.jpg?w=1600&ssl=1,i0.wp.com,intentional_existing_image_cdn,https://savinggrace.org.au/wp-content/uploads/2023/12/vnlzft8kcg.jpg,00355c720bd4751be1bb6471f8cb2c0a978e604fe03b8a79ddf55e72c9f14a79,false,true,transformed_response_identity_unverified,f7c87772393ae307326335eef8ab4da131251e4e60a454786ca3de24fdf37ca1
241d630d8545ec6949c7d8ffb135764d45c5307e2ddc337cebf87ee151b8ce4c,https://i0.wp.com/www.savinggrace.org.au/wp-content/uploads/2023/11/WaterBaptism-1.png?resize=555%2C313&ssl=1,i0.wp.com,intentional_existing_image_cdn,https://www.savinggrace.org.au/wp-content/uploads/2023/11/WaterBaptism-1.png,77919e65187a573a62ce3be6a5cc0f026097cf0abae34529b0239c01fdba7752,false,true,transformed_response_identity_unverified,f7c87772393ae307326335eef8ab4da131251e4e60a454786ca3de24fdf37ca1
24639ddc0ce7e4b5806850a37cb382dcf725666d465452d7570317cf432180a7,https://i0.wp.com/savinggrace.org.au/wp-content/uploads/2023/12/Music-Ministry-SGBC.jpg?w=1500&ssl=1,i0.wp.com,intentional_existing_image_cdn,https://savinggrace.org.au/wp-content/uploads/2023/12/Music-Ministry-SGBC.jpg,e3122ac86f937878c9a041a9887b3e8f15f4ba48158d6ee45f57ff1954d31eb3,false,true,transformed_response_identity_unverified,f7c87772393ae307326335eef8ab4da131251e4e60a454786ca3de24fdf37ca1
24c6b89eb8dd2d37e2302e2e75d4f6afa0e5a95d4457f5c79bb0e5c009b32d23,https://i0.wp.com/savinggrace.org.au/wp-content/uploads/2023/11/48394120_125688415044051_1958516288250707968_n.jpg?resize=480%2C240&ssl=1,i0.wp.com,intentional_existing_image_cdn,https://savinggrace.org.au/wp-content/uploads/2023/11/48394120_125688415044051_1958516288250707968_n.jpg,55ca3485617cdf68e5b0a468ae074d591cd2f2a89ee0685f2c095f395d58a1e4,false,true,transformed_response_identity_unverified,f7c87772393ae307326335eef8ab4da131251e4e60a454786ca3de24fdf37ca1
25e173e2ead60a5e6fcb7dddd94bb8289df1891fbf724920371ba65898750a31,https://i0.wp.com/www.savinggrace.org.au/wp-content/uploads/2023/12/d9sarvjfhm.jpg?resize=1140%2C760&ssl=1,i0.wp.com,intentional_existing_image_cdn,https://www.savinggrace.org.au/wp-content/uploads/2023/12/d9sarvjfhm.jpg,228715269b94f395bf03a8bd7af724a695fc2d373f503e31c7987ddd3c51e9fc,false,true,transformed_response_identity_unverified,f7c87772393ae307326335eef8ab4da131251e4e60a454786ca3de24fdf37ca1
25f5f51d5e1d6d5c6a49af0a4b2aff9bee20ea749f4547caf75b48c02412bb5d,https://i0.wp.com/savinggrace.org.au/wp-content/uploads/2023/12/u5e1kqw6e3m.jpg?resize=1536%2C1024&ssl=1,i0.wp.com,intentional_existing_image_cdn,https://savinggrace.org.au/wp-content/uploads/2023/12/u5e1kqw6e3m.jpg,2e4515927cb6e972394a097112951e9eb09ab59a205e56d40361edbc08ef2cb5,false,true,transformed_response_identity_unverified,f7c87772393ae307326335eef8ab4da131251e4e60a454786ca3de24fdf37ca1
26ffe70f3d5d4cf6029f3278bf8e86f81d3fcc627316ea9880db3b5ff11d4d25,https://i0.wp.com/www.savinggrace.org.au/wp-content/uploads/2023/11/1xwvmneiyky.jpg?resize=555%2C833&ssl=1,i0.wp.com,intentional_existing_image_cdn,https://www.savinggrace.org.au/wp-content/uploads/2023/11/1xwvmneiyky.jpg,058684c0516fa9f62b9850aaaffb38b7e15249c28f31786e8263d94d71fb902b,false,true,transformed_response_identity_unverified,f7c87772393ae307326335eef8ab4da131251e4e60a454786ca3de24fdf37ca1
2823e66f1018521f8bec2f6ddc0bbe0eee35efdae92bf8c77aad10de10d80439,https://i0.wp.com/www.savinggrace.org.au/wp-content/uploads/2023/11/WaterBaptism-1.png?w=600&ssl=1,i0.wp.com,intentional_existing_image_cdn,https://www.savinggrace.org.au/wp-content/uploads/2023/11/WaterBaptism-1.png,77919e65187a573a62ce3be6a5cc0f026097cf0abae34529b0239c01fdba7752,false,true,transformed_response_identity_unverified,f7c87772393ae307326335eef8ab4da131251e4e60a454786ca3de24fdf37ca1
288db270ea4dcf4f5f1675de615f82b2f2dbb9ad6b616babab0f7f4ac23e577b,https://i0.wp.com/savinggrace.org.au/wp-content/uploads/2023/11/1xwvmneiyky-200x300.jpg?resize=200%2C300&ssl=1,i0.wp.com,intentional_existing_image_cdn,https://savinggrace.org.au/wp-content/uploads/2023/11/1xwvmneiyky-200x300.jpg,be05af89b48c6fb489fae50f1c4770faa56043f944b29f4d8e97c0466399b6b3,false,true,transformed_response_identity_unverified,f7c87772393ae307326335eef8ab4da131251e4e60a454786ca3de24fdf37ca1
28fc1b9d46464878144ce4c214d48ea3cd22c99826422af5e33a2b9c0a1cf97c,https://i0.wp.com/www.savinggrace.org.au/wp-content/uploads/2023/12/u5e1kqw6e3m.jpg?resize=768%2C512&ssl=1,i0.wp.com,intentional_existing_image_cdn,https://www.savinggrace.org.au/wp-content/uploads/2023/12/u5e1kqw6e3m.jpg,2e4515927cb6e972394a097112951e9eb09ab59a205e56d40361edbc08ef2cb5,false,true,transformed_response_identity_unverified,f7c87772393ae307326335eef8ab4da131251e4e60a454786ca3de24fdf37ca1
2936e4ad087344adf77634d735919b5ffe9f1a2bb1ee2a99b5c8bc85a562e2ed,https://i0.wp.com/savinggrace.org.au/wp-content/uploads/2023/09/4k2lip0zc_k.jpg?resize=1536%2C1025&ssl=1,i0.wp.com,intentional_existing_image_cdn,https://savinggrace.org.au/wp-content/uploads/2023/09/4k2lip0zc_k.jpg,204b323a0402167f379372c8ea6c3cdc9789ce15755d7e4c4a208b1618e8c8a7,false,true,transformed_response_identity_unverified,f7c87772393ae307326335eef8ab4da131251e4e60a454786ca3de24fdf37ca1
2988fe7b5a0316c5b34c00c9a3dfda55b6e3de3d8f8d6cc70c63248a6feaa31a,https://i0.wp.com/www.savinggrace.org.au/wp-content/uploads/2023/12/mo9vkbg5csg.jpg?resize=768%2C513&ssl=1,i0.wp.com,intentional_existing_image_cdn,https://www.savinggrace.org.au/wp-content/uploads/2023/12/mo9vkbg5csg.jpg,8b5f07153e575c7fe3eb394cf95552f6eeeb9995c802218eb0f55520207dc765,false,true,transformed_response_identity_unverified,f7c87772393ae307326335eef8ab4da131251e4e60a454786ca3de24fdf37ca1
29e86b20db962eb9b59206d3029af19798ff77eaaa84158d23d8b4a6d7e4308c,https://i0.wp.com/savinggrace.org.au/wp-content/uploads/2023/12/y3tl-cbu-cu.jpg?resize=1536%2C1012&ssl=1,i0.wp.com,intentional_existing_image_cdn,https://savinggrace.org.au/wp-content/uploads/2023/12/y3tl-cbu-cu.jpg,d0502d68f9e2c7f18fbfaf4edc3c8f0d6fc8568d36d7ee3411b9d6921019d908,false,true,transformed_response_identity_unverified,f7c87772393ae307326335eef8ab4da131251e4e60a454786ca3de24fdf37ca1
2a90da86a724148fecf1bd04a4b0647c3f568c8cad163188b10117fcf6bdc824,https://i0.wp.com/savinggrace.org.au/wp-content/uploads/2023/09/4k2lip0zc_k.jpg?resize=1024%2C684&ssl=1,i0.wp.com,intentional_existing_image_cdn,https://savinggrace.org.au/wp-content/uploads/2023/09/4k2lip0zc_k.jpg,204b323a0402167f379372c8ea6c3cdc9789ce15755d7e4c4a208b1618e8c8a7,false,true,transformed_response_identity_unverified,f7c87772393ae307326335eef8ab4da131251e4e60a454786ca3de24fdf37ca1
2acdffcf8884e108620876623d253becf3e0eeb9cf2defe2225c5460d4ab215a,https://i0.wp.com/savinggrace.org.au/wp-content/uploads/2023/12/Saving-Grace-Bible-Church-fellowship-1.jpg?resize=1536%2C864&ssl=1,i0.wp.com,intentional_existing_image_cdn,https://savinggrace.org.au/wp-content/uploads/2023/12/Saving-Grace-Bible-Church-fellowship-1.jpg,cc061318465ddea1dd011822f6da166c17d2094cabf59e5407e4e1522a233971,false,true,transformed_response_identity_unverified,f7c87772393ae307326335eef8ab4da131251e4e60a454786ca3de24fdf37ca1
2b81d4112350735f04aaa90adee7c81508211d1029fb71798b2fe35dd1b89645,https://i0.wp.com/savinggrace.org.au/wp-content/uploads/2023/12/u5e1kqw6e3m.jpg?resize=1024%2C683&ssl=1,i0.wp.com,intentional_existing_image_cdn,https://savinggrace.org.au/wp-content/uploads/2023/12/u5e1kqw6e3m.jpg,2e4515927cb6e972394a097112951e9eb09ab59a205e56d40361edbc08ef2cb5,false,true,transformed_response_identity_unverified,f7c87772393ae307326335eef8ab4da131251e4e60a454786ca3de24fdf37ca1
2b87b81f452381e53b6fd3014e16ea565f65f3d79924ca9cf6b437286b97a6d2,https://i0.wp.com/savinggrace.org.au/wp-content/uploads/2025/08/SGBC-End-Times-Bible-Study-1.png?resize=262%2C201&ssl=1,i0.wp.com,intentional_existing_image_cdn,https://savinggrace.org.au/wp-content/uploads/2025/08/SGBC-End-Times-Bible-Study-1.png,aa1099abea012d766bd0dca21dfdec98426a510f79f574ce84c5446989e4754a,false,true,transformed_response_identity_unverified,f7c87772393ae307326335eef8ab4da131251e4e60a454786ca3de24fdf37ca1
2c355250c1751d1a252b11a231bfd74e9bc60b80e9b5b6b6175e7e1e131c1425,https://i0.wp.com/savinggrace.org.au/wp-content/uploads/2023/12/mo9vkbg5csg.jpg?resize=1536%2C1025&ssl=1,i0.wp.com,intentional_existing_image_cdn,https://savinggrace.org.au/wp-content/uploads/2023/12/mo9vkbg5csg.jpg,8b5f07153e575c7fe3eb394cf95552f6eeeb9995c802218eb0f55520207dc765,false,true,transformed_response_identity_unverified,f7c87772393ae307326335eef8ab4da131251e4e60a454786ca3de24fdf37ca1
2c4a842759d94b1a720f83cf66e5253006ab7333621636fc6d554026423954c0,https://i0.wp.com/savinggrace.org.au/wp-content/uploads/2023/11/1xwvmneiyky.jpg?w=800&ssl=1,i0.wp.com,intentional_existing_image_cdn,https://savinggrace.org.au/wp-content/uploads/2023/11/1xwvmneiyky.jpg,058684c0516fa9f62b9850aaaffb38b7e15249c28f31786e8263d94d71fb902b,false,true,transformed_response_identity_unverified,f7c87772393ae307326335eef8ab4da131251e4e60a454786ca3de24fdf37ca1
2c9e5715d891e82944d36118e28101fdbd52b10045d0e6216a4d11f3d6829dba,https://i0.wp.com/savinggrace.org.au/wp-content/uploads/2025/01/Blessing-of-Humility-The-Bridges-Jerry.jpg?resize=360%2C540&ssl=1,i0.wp.com,intentional_existing_image_cdn,https://savinggrace.org.au/wp-content/uploads/2025/01/Blessing-of-Humility-The-Bridges-Jerry.jpg,a0d20e7dbca4c13aa438b9fa344c01ce7c35e905178c242aad697e6d83fadf16,false,true,transformed_response_identity_unverified,f7c87772393ae307326335eef8ab4da131251e4e60a454786ca3de24fdf37ca1
2ce77507223753ebcd4bcbbd0d3d2d16eb114969374e6798d0c38d0e36571403,https://i0.wp.com/savinggrace.org.au/wp-content/uploads/2025/01/Blessing-of-Humility-The-Bridges-Jerry.jpg?resize=420%2C369&ssl=1,i0.wp.com,intentional_existing_image_cdn,https://savinggrace.org.au/wp-content/uploads/2025/01/Blessing-of-Humility-The-Bridges-Jerry.jpg,a0d20e7dbca4c13aa438b9fa344c01ce7c35e905178c242aad697e6d83fadf16,false,true,transformed_response_identity_unverified,f7c87772393ae307326335eef8ab4da131251e4e60a454786ca3de24fdf37ca1
2df28c0518447e4f5a8d9ddf61193c745430758c295eabfb0c8d744aa9892134,https://i0.wp.com/www.savinggrace.org.au/wp-content/uploads/2023/12/u5e1kqw6e3m.jpg?resize=262%2C175&ssl=1,i0.wp.com,intentional_existing_image_cdn,https://www.savinggrace.org.au/wp-content/uploads/2023/12/u5e1kqw6e3m.jpg,2e4515927cb6e972394a097112951e9eb09ab59a205e56d40361edbc08ef2cb5,false,true,transformed_response_identity_unverified,f7c87772393ae307326335eef8ab4da131251e4e60a454786ca3de24fdf37ca1
2f748fc0dc9184b02528b5470bd498b141a2668bbd826644fdfea4118e940c83,https://i0.wp.com/savinggrace.org.au/wp-content/uploads/2024/12/PP-Martin-Loyd-Jones.png?w=328&ssl=1,i0.wp.com,intentional_existing_image_cdn,https://savinggrace.org.au/wp-content/uploads/2024/12/PP-Martin-Loyd-Jones.png,be55d5e954d84955ec89b5c1fafffc14d6bc3d127e8d6e4e11d4ba3200e44bec,false,true,transformed_response_identity_unverified,f7c87772393ae307326335eef8ab4da131251e4e60a454786ca3de24fdf37ca1
2fad3fe3383aeed18c685ac304f282a909cfa13a7b5b1dc68b89eb5354f48158,https://i0.wp.com/www.savinggrace.org.au/wp-content/uploads/2024/12/PP-Martin-Loyd-Jones.png?resize=328%2C369&ssl=1,i0.wp.com,intentional_existing_image_cdn,https://www.savinggrace.org.au/wp-content/uploads/2024/12/PP-Martin-Loyd-Jones.png,be55d5e954d84955ec89b5c1fafffc14d6bc3d127e8d6e4e11d4ba3200e44bec,false,true,transformed_response_identity_unverified,f7c87772393ae307326335eef8ab4da131251e4e60a454786ca3de24fdf37ca1
301f749e7d6e23e39c147be68ab2f012b5de256ca3f3d6880505e85d7c921740,https://i0.wp.com/savinggrace.org.au/wp-content/uploads/2023/12/vnlzft8kcg.jpg?resize=262%2C175&ssl=1,i0.wp.com,intentional_existing_image_cdn,https://savinggrace.org.au/wp-content/uploads/2023/12/vnlzft8kcg.jpg,00355c720bd4751be1bb6471f8cb2c0a978e604fe03b8a79ddf55e72c9f14a79,false,true,transformed_response_identity_unverified,f7c87772393ae307326335eef8ab4da131251e4e60a454786ca3de24fdf37ca1
32033548983a061e2d5afde7c560d4fda4d3d028ccf66a604dfd3ef6ede6cd5b,https://i0.wp.com/www.savinggrace.org.au/wp-content/uploads/2023/11/48394120_125688415044051_1958516288250707968_n.jpg?resize=480%2C240&ssl=1,i0.wp.com,intentional_existing_image_cdn,https://www.savinggrace.org.au/wp-content/uploads/2023/11/48394120_125688415044051_1958516288250707968_n.jpg,55ca3485617cdf68e5b0a468ae074d591cd2f2a89ee0685f2c095f395d58a1e4,false,true,transformed_response_identity_unverified,f7c87772393ae307326335eef8ab4da131251e4e60a454786ca3de24fdf37ca1
3210f2639946f3ebed0bec9dd908f6bd0109a70d3ae66752d72eff20ee6970dd,https://i0.wp.com/savinggrace.org.au/wp-content/uploads/2021/02/Ralph.jpg?resize=989%2C1024&ssl=1,i0.wp.com,intentional_existing_image_cdn,https://savinggrace.org.au/wp-content/uploads/2021/02/Ralph.jpg,b55c1facf0bfdb709ce55467e2cdbc65ad2c36ccc9fb2dcda77d93cbce3793ce,false,true,transformed_response_identity_unverified,f7c87772393ae307326335eef8ab4da131251e4e60a454786ca3de24fdf37ca1
326e14fdee7fe96bdf63a631460d8eecc11a15e9a7183d3b20125526837fbfba,https://i0.wp.com/www.savinggrace.org.au/wp-content/uploads/2025/01/Fight-Like-A-Man.jpg?resize=302%2C369&ssl=1,i0.wp.com,intentional_existing_image_cdn,https://www.savinggrace.org.au/wp-content/uploads/2025/01/Fight-Like-A-Man.jpg,e400ab25772316c97be01e4680359e22a4105bfd5bda5e3e9ad70692f269bc26,false,true,transformed_response_identity_unverified,f7c87772393ae307326335eef8ab4da131251e4e60a454786ca3de24fdf37ca1
32753f0c17cd657ac1687bb7380ff8f2ba99fbc500787280f13aa12d0d8218d7,https://i0.wp.com/savinggrace.org.au/wp-content/uploads/2025/01/Fight-Like-A-Man.jpg?fit=302%2C466&ssl=1,i0.wp.com,intentional_existing_image_cdn,https://savinggrace.org.au/wp-content/uploads/2025/01/Fight-Like-A-Man.jpg,e400ab25772316c97be01e4680359e22a4105bfd5bda5e3e9ad70692f269bc26,false,true,transformed_response_identity_unverified,f7c87772393ae307326335eef8ab4da131251e4e60a454786ca3de24fdf37ca1
33cd4f339792340b293d0350cf81290d8f382fcc740b96ca30bcf90fbebb821f,https://i0.wp.com/savinggrace.org.au/wp-content/uploads/2023/11/Wesam-Profile-Image.jpg?fit=600%2C699&ssl=1,i0.wp.com,intentional_existing_image_cdn,https://savinggrace.org.au/wp-content/uploads/2023/11/Wesam-Profile-Image.jpg,9757099aae9f3e8a32b4b0b404e2f7deed24d12acc0a5d3c7c0fcb018451fcbb,false,true,transformed_response_identity_unverified,f7c87772393ae307326335eef8ab4da131251e4e60a454786ca3de24fdf37ca1
340395baa719c060d4053302a7445a605e448b5b04a33361f07e5395739ec5a2,https://i0.wp.com/savinggrace.org.au/wp-content/uploads/2023/11/WaterBaptism-1.png?resize=555%2C313&ssl=1,i0.wp.com,intentional_existing_image_cdn,https://savinggrace.org.au/wp-content/uploads/2023/11/WaterBaptism-1.png,77919e65187a573a62ce3be6a5cc0f026097cf0abae34529b0239c01fdba7752,false,true,transformed_response_identity_unverified,f7c87772393ae307326335eef8ab4da131251e4e60a454786ca3de24fdf37ca1
341c6e1f6ec0c5c3bb7a6cd06d37f9e328c54696938d7bc39e42acb66eb511fe,https://i0.wp.com/www.savinggrace.org.au/wp-content/uploads/2023/12/Music-Ministry-SGBC.jpg?fit=1024%2C512&ssl=1,i0.wp.com,intentional_existing_image_cdn,https://www.savinggrace.org.au/wp-content/uploads/2023/12/Music-Ministry-SGBC.jpg,e3122ac86f937878c9a041a9887b3e8f15f4ba48158d6ee45f57ff1954d31eb3,false,true,transformed_response_identity_unverified,f7c87772393ae307326335eef8ab4da131251e4e60a454786ca3de24fdf37ca1
34534daf1ab4e5810f42c4a762f7eb29b80b7ecb9bf3e00c9a6df1512e6b6b2f,https://i0.wp.com/savinggrace.org.au/wp-content/uploads/2024/01/Saving-Grace-Bible-Church-Lords-Day-Service.jpg?w=1500&ssl=1,i0.wp.com,intentional_existing_image_cdn,https://savinggrace.org.au/wp-content/uploads/2024/01/Saving-Grace-Bible-Church-Lords-Day-Service.jpg,5c3420628e9d05643fff1fbaab3c3d0d65a4a0ada8aa20cd0d96ecd230c42e6b,false,true,transformed_response_identity_unverified,f7c87772393ae307326335eef8ab4da131251e4e60a454786ca3de24fdf37ca1
35239432655b08d9538a56c98938c69375e9304d0052adc893338778bf09a886,https://i0.wp.com/savinggrace.org.au/wp-content/uploads/2023/12/u5e1kqw6e3m.jpg?resize=768%2C512&ssl=1,i0.wp.com,intentional_existing_image_cdn,https://savinggrace.org.au/wp-content/uploads/2023/12/u5e1kqw6e3m.jpg,2e4515927cb6e972394a097112951e9eb09ab59a205e56d40361edbc08ef2cb5,false,true,transformed_response_identity_unverified,f7c87772393ae307326335eef8ab4da131251e4e60a454786ca3de24fdf37ca1
355a7475830b89a603f269615864b47671309d7ce4299c9117369ade96ad8baf,https://i0.wp.com/www.savinggrace.org.au/wp-content/uploads/2023/12/yiftar2fjve.jpg?w=900&ssl=1,i0.wp.com,intentional_existing_image_cdn,https://www.savinggrace.org.au/wp-content/uploads/2023/12/yiftar2fjve.jpg,b04d1941832243439d48f17a7b9ea55c61a1659119bf03a596248bf3e07f9688,false,true,transformed_response_identity_unverified,f7c87772393ae307326335eef8ab4da131251e4e60a454786ca3de24fdf37ca1
35667bbd736759bdefcf8549015efa04fd51d6a9d91b49efb6aaef6441519139,https://i0.wp.com/www.savinggrace.org.au/wp-content/uploads/2023/11/Wesam-Profile-Image.jpg?resize=258%2C300&ssl=1,i0.wp.com,intentional_existing_image_cdn,https://www.savinggrace.org.au/wp-content/uploads/2023/11/Wesam-Profile-Image.jpg,9757099aae9f3e8a32b4b0b404e2f7deed24d12acc0a5d3c7c0fcb018451fcbb,false,true,transformed_response_identity_unverified,f7c87772393ae307326335eef8ab4da131251e4e60a454786ca3de24fdf37ca1
36a8a0307ffdda4d54da09f44da19fe9acf6e26efc7c358d36aa5068a1e79437,https://i0.wp.com/savinggrace.org.au/wp-content/uploads/2025/08/SGBC-End-Times-Bible-Study-1.png?w=1024&ssl=1,i0.wp.com,intentional_existing_image_cdn,https://savinggrace.org.au/wp-content/uploads/2025/08/SGBC-End-Times-Bible-Study-1.png,aa1099abea012d766bd0dca21dfdec98426a510f79f574ce84c5446989e4754a,false,true,transformed_response_identity_unverified,f7c87772393ae307326335eef8ab4da131251e4e60a454786ca3de24fdf37ca1
37101c52b51bf5bd304b7d757cd0491fa3bb55b21bf73a51643725a4231c8190,https://i0.wp.com/www.savinggrace.org.au/wp-content/uploads/2023/12/y3tl-cbu-cu.jpg?resize=768%2C506&ssl=1,i0.wp.com,intentional_existing_image_cdn,https://www.savinggrace.org.au/wp-content/uploads/2023/12/y3tl-cbu-cu.jpg,d0502d68f9e2c7f18fbfaf4edc3c8f0d6fc8568d36d7ee3411b9d6921019d908,false,true,transformed_response_identity_unverified,f7c87772393ae307326335eef8ab4da131251e4e60a454786ca3de24fdf37ca1
39b35029132eb6d85cfa8d1d2bd726841bc7f019d646685fd1acb5ac95ffc83a,https://i0.wp.com/savinggrace.org.au/wp-content/uploads/2023/12/1ngigjt7klq.jpg?resize=300%2C200&ssl=1,i0.wp.com,intentional_existing_image_cdn,https://savinggrace.org.au/wp-content/uploads/2023/12/1ngigjt7klq.jpg,5938bfb5ccf705db0801d3174023be2a7b76fef685ea87588f2cdcd85eae9ab1,false,true,transformed_response_identity_unverified,f7c87772393ae307326335eef8ab4da131251e4e60a454786ca3de24fdf37ca1
39d8292e554f65f11ef10236dc5231ff3289fff0a342566280b4dbad6bb74f01,https://i0.wp.com/www.savinggrace.org.au/wp-content/uploads/2023/11/Ralph-Profile-Image.jpg?resize=360%2C433&ssl=1,i0.wp.com,intentional_existing_image_cdn,https://www.savinggrace.org.au/wp-content/uploads/2023/11/Ralph-Profile-Image.jpg,d3bcb6421d862144be492a3451cfdcae108420d67f58317c97e6147ac5ad31ae,false,true,transformed_response_identity_unverified,f7c87772393ae307326335eef8ab4da131251e4e60a454786ca3de24fdf37ca1
3be43b0f76fcb9c27f212a3622ab63961984b5952412c23eaf2779d9cc6b351b,https://i0.wp.com/stage.savinggrace.org.au/wp-content/uploads/2023/12/vnlzft8kcg-300x200.jpg?resize=300%2C200&ssl=1,i0.wp.com,external_image_identity_unverified,,,false,false,reference_identity_and_current_response_unverified,f7c87772393ae307326335eef8ab4da131251e4e60a454786ca3de24fdf37ca1
3d0df0475a8a4090eefb78f287835a77374ac640c127e69e52a86affbc4abf81,https://i0.wp.com/savinggrace.org.au/wp-content/uploads/2023/11/Wesam-Profile-Image.jpg?resize=262%2C305&ssl=1,i0.wp.com,intentional_existing_image_cdn,https://savinggrace.org.au/wp-content/uploads/2023/11/Wesam-Profile-Image.jpg,9757099aae9f3e8a32b4b0b404e2f7deed24d12acc0a5d3c7c0fcb018451fcbb,false,true,transformed_response_identity_unverified,f7c87772393ae307326335eef8ab4da131251e4e60a454786ca3de24fdf37ca1
3d91034ba7f8cf0f23c32d62306fff44a0b96fa4a48f5baa6321047c21060ea9,https://i0.wp.com/savinggrace.org.au/wp-content/uploads/2023/11/WaterBaptism-1.png?resize=300%2C169&ssl=1,i0.wp.com,intentional_existing_image_cdn,https://savinggrace.org.au/wp-content/uploads/2023/11/WaterBaptism-1.png,77919e65187a573a62ce3be6a5cc0f026097cf0abae34529b0239c01fdba7752,false,true,transformed_response_identity_unverified,f7c87772393ae307326335eef8ab4da131251e4e60a454786ca3de24fdf37ca1
3e2f9bfa85590e011c5febfe2368a8fc286c107faa3edb84ab6f4592105b3b9b,https://i0.wp.com/www.savinggrace.org.au/wp-content/uploads/2023/12/mo9vkbg5csg.jpg?resize=1140%2C760&ssl=1,i0.wp.com,intentional_existing_image_cdn,https://www.savinggrace.org.au/wp-content/uploads/2023/12/mo9vkbg5csg.jpg,8b5f07153e575c7fe3eb394cf95552f6eeeb9995c802218eb0f55520207dc765,false,true,transformed_response_identity_unverified,f7c87772393ae307326335eef8ab4da131251e4e60a454786ca3de24fdf37ca1
3eb83eabee44d03e3243f0282b4e2fe420c02878cf5622c43acc3d697f151c44,https://i0.wp.com/www.savinggrace.org.au/wp-content/uploads/2024/01/Saving-Grace-Bible-Church-Lords-Day-Service.jpg?resize=1140%2C760&ssl=1,i0.wp.com,intentional_existing_image_cdn,https://www.savinggrace.org.au/wp-content/uploads/2024/01/Saving-Grace-Bible-Church-Lords-Day-Service.jpg,5c3420628e9d05643fff1fbaab3c3d0d65a4a0ada8aa20cd0d96ecd230c42e6b,false,true,transformed_response_identity_unverified,f7c87772393ae307326335eef8ab4da131251e4e60a454786ca3de24fdf37ca1
3f60ff3b547da7ac4bbc893b99db319b4c540ddf3fcbbc384458357b23d87170,https://i0.wp.com/savinggrace.org.au/wp-content/uploads/2021/02/WesProfile.jpg?resize=984%2C1024&ssl=1,i0.wp.com,intentional_existing_image_cdn,https://savinggrace.org.au/wp-content/uploads/2021/02/WesProfile.jpg,f38f2289c51831487270d8cb972c896a59951856a06c9a982c1f00a5faa98855,false,true,transformed_response_identity_unverified,f7c87772393ae307326335eef8ab4da131251e4e60a454786ca3de24fdf37ca1
40da8f78694b34c864827e4651e34f3d0102329bcfcba0fecab4e6855b8d424d,https://i0.wp.com/savinggrace.org.au/wp-content/uploads/2023/11/1xwvmneiyky.jpg?resize=683%2C1024&ssl=1,i0.wp.com,intentional_existing_image_cdn,https://savinggrace.org.au/wp-content/uploads/2023/11/1xwvmneiyky.jpg,058684c0516fa9f62b9850aaaffb38b7e15249c28f31786e8263d94d71fb902b,false,true,transformed_response_identity_unverified,f7c87772393ae307326335eef8ab4da131251e4e60a454786ca3de24fdf37ca1
4128a296bb95548bc4a9eea00fc7d42064b26c5420efabfbc960b82d75909417,https://i0.wp.com/www.savinggrace.org.au/wp-content/uploads/2025/08/SGBC-End-Times-Bible-Study-1.png?w=1024&ssl=1,i0.wp.com,intentional_existing_image_cdn,https://www.savinggrace.org.au/wp-content/uploads/2025/08/SGBC-End-Times-Bible-Study-1.png,aa1099abea012d766bd0dca21dfdec98426a510f79f574ce84c5446989e4754a,false,true,transformed_response_identity_unverified,f7c87772393ae307326335eef8ab4da131251e4e60a454786ca3de24fdf37ca1
41c073be1f3aded30e95aa35d6f317624136c8989e5a6fc992b8bf7fb56da5e9,https://i0.wp.com/savinggrace.org.au/wp-content/uploads/2023/11/1xwvmneiyky.jpg?resize=200%2C300&ssl=1,i0.wp.com,intentional_existing_image_cdn,https://savinggrace.org.au/wp-content/uploads/2023/11/1xwvmneiyky.jpg,058684c0516fa9f62b9850aaaffb38b7e15249c28f31786e8263d94d71fb902b,false,true,transformed_response_identity_unverified,f7c87772393ae307326335eef8ab4da131251e4e60a454786ca3de24fdf37ca1
420ba06d0205ea6cd80e7476a2c7a8778af1329a3b55edb1977d2b3710934cb0,https://i0.wp.com/www.savinggrace.org.au/wp-content/uploads/2023/12/vnlzft8kcg.jpg?resize=768%2C512&ssl=1,i0.wp.com,intentional_existing_image_cdn,https://www.savinggrace.org.au/wp-content/uploads/2023/12/vnlzft8kcg.jpg,00355c720bd4751be1bb6471f8cb2c0a978e604fe03b8a79ddf55e72c9f14a79,false,true,transformed_response_identity_unverified,f7c87772393ae307326335eef8ab4da131251e4e60a454786ca3de24fdf37ca1
422129436aec921bcb468bd08d26080bc42733a7cbb158d107c777ca7fa022ea,https://i0.wp.com/savinggrace.org.au/wp-content/uploads/2023/11/Wesam-Profile-Image.jpg?resize=360%2C419&ssl=1,i0.wp.com,intentional_existing_image_cdn,https://savinggrace.org.au/wp-content/uploads/2023/11/Wesam-Profile-Image.jpg,9757099aae9f3e8a32b4b0b404e2f7deed24d12acc0a5d3c7c0fcb018451fcbb,false,true,transformed_response_identity_unverified,f7c87772393ae307326335eef8ab4da131251e4e60a454786ca3de24fdf37ca1
427cccc34268774c874078a996fbc6b1ffdea2098ee9ab63282242fed983d1c8,https://i0.wp.com/www.savinggrace.org.au/wp-content/uploads/2025/08/SGBC-End-Times-Bible-Study-1.png?zoom=2&resize=480%2C369&ssl=1,i0.wp.com,intentional_existing_image_cdn,https://www.savinggrace.org.au/wp-content/uploads/2025/08/SGBC-End-Times-Bible-Study-1.png,aa1099abea012d766bd0dca21dfdec98426a510f79f574ce84c5446989e4754a,false,true,transformed_response_identity_unverified,f7c87772393ae307326335eef8ab4da131251e4e60a454786ca3de24fdf37ca1
42f02561f430fd729f94b22bf80945b202f162de8e896c3a721c7f4a6bbd9a23,https://i0.wp.com/www.savinggrace.org.au/wp-content/uploads/2025/08/SGBC-End-Times-Bible-Study-1.png?resize=43%2C43&ssl=1,i0.wp.com,intentional_existing_image_cdn,https://www.savinggrace.org.au/wp-content/uploads/2025/08/SGBC-End-Times-Bible-Study-1.png,aa1099abea012d766bd0dca21dfdec98426a510f79f574ce84c5446989e4754a,false,true,transformed_response_identity_unverified,f7c87772393ae307326335eef8ab4da131251e4e60a454786ca3de24fdf37ca1
447212743b2a9abf35d26959f958e065c6d681cc8a1f3e3355eb89c644c9cc3f,https://i0.wp.com/www.savinggrace.org.au/wp-content/uploads/2023/12/vnlzft8kcg.jpg?resize=1024%2C683&ssl=1,i0.wp.com,intentional_existing_image_cdn,https://www.savinggrace.org.au/wp-content/uploads/2023/12/vnlzft8kcg.jpg,00355c720bd4751be1bb6471f8cb2c0a978e604fe03b8a79ddf55e72c9f14a79,false,true,transformed_response_identity_unverified,f7c87772393ae307326335eef8ab4da131251e4e60a454786ca3de24fdf37ca1
44f02de302f7888bd6ad4c276176083659a50c388e4d8c645b620f2d17cc28a4,https://i0.wp.com/savinggrace.org.au/wp-content/uploads/2023/12/Cross-reduced-1-scaled.jpg?fit=2560%2C1707&ssl=1,i0.wp.com,intentional_existing_image_cdn,https://savinggrace.org.au/wp-content/uploads/2023/12/Cross-reduced-1-scaled.jpg,bd5d3471058cae05b97d2ad12efa0476254f10d9f04603c160af130b50b24960,false,true,transformed_response_identity_unverified,f7c87772393ae307326335eef8ab4da131251e4e60a454786ca3de24fdf37ca1
4643f776303cfaa66268529332f71e495318bf5e72d491bb3e83794882020c67,https://i0.wp.com/savinggrace.org.au/wp-content/uploads/2023/09/4k2lip0zc_k.jpg?resize=262%2C175&ssl=1,i0.wp.com,intentional_existing_image_cdn,https://savinggrace.org.au/wp-content/uploads/2023/09/4k2lip0zc_k.jpg,204b323a0402167f379372c8ea6c3cdc9789ce15755d7e4c4a208b1618e8c8a7,false,true,transformed_response_identity_unverified,f7c87772393ae307326335eef8ab4da131251e4e60a454786ca3de24fdf37ca1
46a4acb4dccf4d5377614a772a4f9e5c647aebd44ddaafb0e5635ccd6f921c7c,https://i0.wp.com/savinggrace.org.au/wp-content/uploads/2023/12/yiftar2fjve.jpg?resize=768%2C1024&ssl=1,i0.wp.com,intentional_existing_image_cdn,https://savinggrace.org.au/wp-content/uploads/2023/12/yiftar2fjve.jpg,b04d1941832243439d48f17a7b9ea55c61a1659119bf03a596248bf3e07f9688,false,true,transformed_response_identity_unverified,f7c87772393ae307326335eef8ab4da131251e4e60a454786ca3de24fdf37ca1
472f88836051ac0e29842aba796f524d682f2a9bcc732fec12c3cd76c4023f2c,https://i0.wp.com/savinggrace.org.au/wp-content/uploads/2023/12/u5e1kqw6e3m.jpg?resize=1140%2C760&ssl=1,i0.wp.com,intentional_existing_image_cdn,https://savinggrace.org.au/wp-content/uploads/2023/12/u5e1kqw6e3m.jpg,2e4515927cb6e972394a097112951e9eb09ab59a205e56d40361edbc08ef2cb5,false,true,transformed_response_identity_unverified,f7c87772393ae307326335eef8ab4da131251e4e60a454786ca3de24fdf37ca1
4781daa70dbe7f8975a695755645d2944b024fb19e6f2f5268fea9ea8fdb8925,https://i0.wp.com/savinggrace.org.au/wp-content/uploads/2025/08/SGBC-End-Times-Bible-Study-1.png?resize=360%2C360&ssl=1,i0.wp.com,intentional_existing_image_cdn,https://savinggrace.org.au/wp-content/uploads/2025/08/SGBC-End-Times-Bible-Study-1.png,aa1099abea012d766bd0dca21dfdec98426a510f79f574ce84c5446989e4754a,false,true,transformed_response_identity_unverified,f7c87772393ae307326335eef8ab4da131251e4e60a454786ca3de24fdf37ca1
47eeaa2050460fcfd1114d7773d2e9dd19dc37441f0582e08e7f76a4a0a5d25d,https://i0.wp.com/savinggrace.org.au/wp-content/uploads/2023/11/48394120_125688415044051_1958516288250707968_n.jpg?fit=798%2C240&ssl=1,i0.wp.com,intentional_existing_image_cdn,https://savinggrace.org.au/wp-content/uploads/2023/11/48394120_125688415044051_1958516288250707968_n.jpg,55ca3485617cdf68e5b0a468ae074d591cd2f2a89ee0685f2c095f395d58a1e4,false,true,transformed_response_identity_unverified,f7c87772393ae307326335eef8ab4da131251e4e60a454786ca3de24fdf37ca1
485e6fa504f1c3bfa402ee04b5b1477ea76a76570934274f2b5d5a508c6c295f,https://i0.wp.com/www.savinggrace.org.au/wp-content/uploads/2023/12/y3tl-cbu-cu.jpg?w=1600&ssl=1,i0.wp.com,intentional_existing_image_cdn,https://www.savinggrace.org.au/wp-content/uploads/2023/12/y3tl-cbu-cu.jpg,d0502d68f9e2c7f18fbfaf4edc3c8f0d6fc8568d36d7ee3411b9d6921019d908,false,true,transformed_response_identity_unverified,f7c87772393ae307326335eef8ab4da131251e4e60a454786ca3de24fdf37ca1
488af5993b62fbb06eae2903aaa4aaa68bb0b52448e166d8945cb68af2227727,https://i0.wp.com/savinggrace.org.au/wp-content/uploads/2023/12/Cross-reduced-1-scaled.jpg?resize=555%2C370&ssl=1,i0.wp.com,intentional_existing_image_cdn,https://savinggrace.org.au/wp-content/uploads/2023/12/Cross-reduced-1-scaled.jpg,bd5d3471058cae05b97d2ad12efa0476254f10d9f04603c160af130b50b24960,false,true,transformed_response_identity_unverified,f7c87772393ae307326335eef8ab4da131251e4e60a454786ca3de24fdf37ca1
490de7b92c19c1a5650f346e1c99e5499aca44b562b4856e707b49c7b6db5b6e,https://i0.wp.com/savinggrace.org.au/wp-content/uploads/2023/12/Cross-reduced-1-scaled.jpg?resize=360%2C240&ssl=1,i0.wp.com,intentional_existing_image_cdn,https://savinggrace.org.au/wp-content/uploads/2023/12/Cross-reduced-1-scaled.jpg,bd5d3471058cae05b97d2ad12efa0476254f10d9f04603c160af130b50b24960,false,true,transformed_response_identity_unverified,f7c87772393ae307326335eef8ab4da131251e4e60a454786ca3de24fdf37ca1
497029600189b8749db926145d4f3c77d952c8c63550fe52943003aaeab45e56,https://i0.wp.com/www.savinggrace.org.au/wp-content/uploads/2025/08/SGBC-End-Times-Bible-Study-1.png?resize=300%2C300&ssl=1,i0.wp.com,intentional_existing_image_cdn,https://www.savinggrace.org.au/wp-content/uploads/2025/08/SGBC-End-Times-Bible-Study-1.png,aa1099abea012d766bd0dca21dfdec98426a510f79f574ce84c5446989e4754a,false,true,transformed_response_identity_unverified,f7c87772393ae307326335eef8ab4da131251e4e60a454786ca3de24fdf37ca1
4ade8756fe06bc67ef36ae3903f8d65557810d9fe4a21beaf15f5b43d0d45924,https://i0.wp.com/savinggrace.org.au/wp-content/uploads/2023/09/4k2lip0zc_k.jpg?resize=768%2C513&ssl=1,i0.wp.com,intentional_existing_image_cdn,https://savinggrace.org.au/wp-content/uploads/2023/09/4k2lip0zc_k.jpg,204b323a0402167f379372c8ea6c3cdc9789ce15755d7e4c4a208b1618e8c8a7,false,true,transformed_response_identity_unverified,f7c87772393ae307326335eef8ab4da131251e4e60a454786ca3de24fdf37ca1
4ae4e08b2a3a73feaee60acd05d9776404a0cd2bb0d80a5660967af347dfe55d,https://i0.wp.com/www.savinggrace.org.au/wp-content/uploads/2025/08/SGBC-End-Times-Bible-Study-1.png?fit=1024%2C1024&ssl=1,i0.wp.com,intentional_existing_image_cdn,https://www.savinggrace.org.au/wp-content/uploads/2025/08/SGBC-End-Times-Bible-Study-1.png,aa1099abea012d766bd0dca21dfdec98426a510f79f574ce84c5446989e4754a,false,true,transformed_response_identity_unverified,f7c87772393ae307326335eef8ab4da131251e4e60a454786ca3de24fdf37ca1
4aed444d098796f8b28e04a6bfa744a93004a0a2499147ec27c0522d86909d85,https://i0.wp.com/www.savinggrace.org.au/wp-content/uploads/2021/02/WesProfile.jpg?w=1200&ssl=1,i0.wp.com,intentional_existing_image_cdn,https://www.savinggrace.org.au/wp-content/uploads/2021/02/WesProfile.jpg,f38f2289c51831487270d8cb972c896a59951856a06c9a982c1f00a5faa98855,false,true,transformed_response_identity_unverified,f7c87772393ae307326335eef8ab4da131251e4e60a454786ca3de24fdf37ca1
4c1feddf18750f26e687b56a2d10738e51caafb217996740685f21c5d4dcb2c5,https://i0.wp.com/www.savinggrace.org.au/wp-content/uploads/2023/12/Cross-reduced-1-scaled.jpg?resize=262%2C175&ssl=1,i0.wp.com,intentional_existing_image_cdn,https://www.savinggrace.org.au/wp-content/uploads/2023/12/Cross-reduced-1-scaled.jpg,bd5d3471058cae05b97d2ad12efa0476254f10d9f04603c160af130b50b24960,false,true,transformed_response_identity_unverified,f7c87772393ae307326335eef8ab4da131251e4e60a454786ca3de24fdf37ca1
4c613ef20d29f32644463b2217ddc66596938656ba99d62a586969dd2646ed7f,https://i0.wp.com/savinggrace.org.au/wp-content/uploads/2023/11/1xwvmneiyky.jpg?resize=768%2C1152&ssl=1,i0.wp.com,intentional_existing_image_cdn,https://savinggrace.org.au/wp-content/uploads/2023/11/1xwvmneiyky.jpg,058684c0516fa9f62b9850aaaffb38b7e15249c28f31786e8263d94d71fb902b,false,true,transformed_response_identity_unverified,f7c87772393ae307326335eef8ab4da131251e4e60a454786ca3de24fdf37ca1
4c9be2c7d0779e45c6ddefe3555fade295c830daf955c74d28553575e0fe80bd,https://i0.wp.com/www.savinggrace.org.au/wp-content/uploads/2023/12/Music-Ministry-SGBC.jpg?resize=768%2C384&ssl=1,i0.wp.com,intentional_existing_image_cdn,https://www.savinggrace.org.au/wp-content/uploads/2023/12/Music-Ministry-SGBC.jpg,e3122ac86f937878c9a041a9887b3e8f15f4ba48158d6ee45f57ff1954d31eb3,false,true,transformed_response_identity_unverified,f7c87772393ae307326335eef8ab4da131251e4e60a454786ca3de24fdf37ca1
4d0d74d6ea88a6b02aa639982ae47983577e1f5054e3a5bbd9a9f1ae0af1f851,https://i0.wp.com/savinggrace.org.au/wp-content/uploads/2023/12/mo9vkbg5csg.jpg?resize=768%2C513&ssl=1,i0.wp.com,intentional_existing_image_cdn,https://savinggrace.org.au/wp-content/uploads/2023/12/mo9vkbg5csg.jpg,8b5f07153e575c7fe3eb394cf95552f6eeeb9995c802218eb0f55520207dc765,false,true,transformed_response_identity_unverified,f7c87772393ae307326335eef8ab4da131251e4e60a454786ca3de24fdf37ca1
4e4506d93db1fc187a3a89c401e8a29ad8692f955ef6c0e3a6119ce6f122ebdc,https://i0.wp.com/savinggrace.org.au/wp-content/uploads/2023/11/Ralph-Profile-Image.jpg?fit=600%2C721&ssl=1,i0.wp.com,intentional_existing_image_cdn,https://savinggrace.org.au/wp-content/uploads/2023/11/Ralph-Profile-Image.jpg,d3bcb6421d862144be492a3451cfdcae108420d67f58317c97e6147ac5ad31ae,false,true,transformed_response_identity_unverified,f7c87772393ae307326335eef8ab4da131251e4e60a454786ca3de24fdf37ca1
4ee3e6aa914a0ed2d16aac65c2eb383134cb1601ce7c7c799d7009098eda88d9,https://i0.wp.com/www.savinggrace.org.au/wp-content/uploads/2025/08/SGBC-End-Times-Bible-Study-1.png?resize=555%2C555&ssl=1,i0.wp.com,intentional_existing_image_cdn,https://www.savinggrace.org.au/wp-content/uploads/2025/08/SGBC-End-Times-Bible-Study-1.png,aa1099abea012d766bd0dca21dfdec98426a510f79f574ce84c5446989e4754a,false,true,transformed_response_identity_unverified,f7c87772393ae307326335eef8ab4da131251e4e60a454786ca3de24fdf37ca1
509f91ccaebacf14ba5f6c80a3656b1bf7d881524d5c65a6ea8a087ea9c8c837,https://i0.wp.com/savinggrace.org.au/wp-content/uploads/2023/12/Cross-reduced-1-scaled.jpg?resize=768%2C512&ssl=1,i0.wp.com,intentional_existing_image_cdn,https://savinggrace.org.au/wp-content/uploads/2023/12/Cross-reduced-1-scaled.jpg,bd5d3471058cae05b97d2ad12efa0476254f10d9f04603c160af130b50b24960,false,true,transformed_response_identity_unverified,f7c87772393ae307326335eef8ab4da131251e4e60a454786ca3de24fdf37ca1
50d3c38c43e289d0885ebe9e2da9cdce0c5a753b7180e84af81f9511cf2ff242,https://i0.wp.com/savinggrace.org.au/wp-content/uploads/2025/01/Blessing-of-Humility-The-Bridges-Jerry.jpg?fit=420%2C630&ssl=1,i0.wp.com,intentional_existing_image_cdn,https://savinggrace.org.au/wp-content/uploads/2025/01/Blessing-of-Humility-The-Bridges-Jerry.jpg,a0d20e7dbca4c13aa438b9fa344c01ce7c35e905178c242aad697e6d83fadf16,false,true,transformed_response_identity_unverified,f7c87772393ae307326335eef8ab4da131251e4e60a454786ca3de24fdf37ca1
5143dbc8c9ecfe2e5cb81e85ae4bbf0413669cecbf3df871c8063d988c2a3e26,https://i0.wp.com/savinggrace.org.au/wp-content/uploads/2023/11/48394120_125688415044051_1958516288250707968_n.jpg?resize=360%2C108&ssl=1,i0.wp.com,intentional_existing_image_cdn,https://savinggrace.org.au/wp-content/uploads/2023/11/48394120_125688415044051_1958516288250707968_n.jpg,55ca3485617cdf68e5b0a468ae074d591cd2f2a89ee0685f2c095f395d58a1e4,false,true,transformed_response_identity_unverified,f7c87772393ae307326335eef8ab4da131251e4e60a454786ca3de24fdf37ca1
517c0c702b18fddd096e17584792cf2a5a56f34f31b477c25e3e7e1bb9c032f6,https://i0.wp.com/savinggrace.org.au/wp-content/uploads/2023/12/mo9vkbg5csg-300x200.jpg?resize=300%2C200&ssl=1,i0.wp.com,intentional_existing_image_cdn,https://savinggrace.org.au/wp-content/uploads/2023/12/mo9vkbg5csg-300x200.jpg,08f2fa651cd431da5e271f5f9fdc105de3dcf8f1c142529c9e7bf83021220705,false,true,transformed_response_identity_unverified,f7c87772393ae307326335eef8ab4da131251e4e60a454786ca3de24fdf37ca1
51a59ecb5ab34d90992e495fa8f9e2b7d37d0ece53f144db45515bcc8de3835d,https://i0.wp.com/www.savinggrace.org.au/wp-content/uploads/2025/01/Fight-Like-A-Man.jpg?fit=302%2C466&ssl=1,i0.wp.com,intentional_existing_image_cdn,https://www.savinggrace.org.au/wp-content/uploads/2025/01/Fight-Like-A-Man.jpg,e400ab25772316c97be01e4680359e22a4105bfd5bda5e3e9ad70692f269bc26,false,true,transformed_response_identity_unverified,f7c87772393ae307326335eef8ab4da131251e4e60a454786ca3de24fdf37ca1
51ffbf9da3354dde10a7ed9c7cca035d4f48d45662119a3229923839738c0f18,https://i0.wp.com/savinggrace.org.au/wp-content/uploads/2023/12/Cross-reduced-1-scaled.jpg?resize=1140%2C760&ssl=1,i0.wp.com,intentional_existing_image_cdn,https://savinggrace.org.au/wp-content/uploads/2023/12/Cross-reduced-1-scaled.jpg,bd5d3471058cae05b97d2ad12efa0476254f10d9f04603c160af130b50b24960,false,true,transformed_response_identity_unverified,f7c87772393ae307326335eef8ab4da131251e4e60a454786ca3de24fdf37ca1
5227934166240cd5b1a55d11b251e40bb7502d9976e55bac5f0b633988e6b5d6,https://i0.wp.com/savinggrace.org.au/wp-content/uploads/2023/12/mo9vkbg5csg.jpg?resize=555%2C370&ssl=1,i0.wp.com,intentional_existing_image_cdn,https://savinggrace.org.au/wp-content/uploads/2023/12/mo9vkbg5csg.jpg,8b5f07153e575c7fe3eb394cf95552f6eeeb9995c802218eb0f55520207dc765,false,true,transformed_response_identity_unverified,f7c87772393ae307326335eef8ab4da131251e4e60a454786ca3de24fdf37ca1
522955c843ac11353979a9adc24d608f54fc997a3d176d3e9e61231836a6a821,https://i0.wp.com/savinggrace.org.au/wp-content/uploads/2021/02/Ralph.jpg?resize=600%2C622&ssl=1,i0.wp.com,intentional_existing_image_cdn,https://savinggrace.org.au/wp-content/uploads/2021/02/Ralph.jpg,b55c1facf0bfdb709ce55467e2cdbc65ad2c36ccc9fb2dcda77d93cbce3793ce,false,true,transformed_response_identity_unverified,f7c87772393ae307326335eef8ab4da131251e4e60a454786ca3de24fdf37ca1
52e678aaf38cd15045ee7e426f8d2c4e110a154f90892b752e5286b5958da851,https://i0.wp.com/www.savinggrace.org.au/wp-content/uploads/2023/12/Saving-Grace-Bible-Church-fellowship-1.jpg?resize=768%2C432&ssl=1,i0.wp.com,intentional_existing_image_cdn,https://www.savinggrace.org.au/wp-content/uploads/2023/12/Saving-Grace-Bible-Church-fellowship-1.jpg,cc061318465ddea1dd011822f6da166c17d2094cabf59e5407e4e1522a233971,false,true,transformed_response_identity_unverified,f7c87772393ae307326335eef8ab4da131251e4e60a454786ca3de24fdf37ca1
5366b8df93dd2106ef21c6037b79c053cfc9e05d0a4ab1ebe50ebe053d405b48,https://i0.wp.com/savinggrace.org.au/wp-content/uploads/2024/12/PP-Martin-Loyd-Jones.png?fit=328%2C500&ssl=1,i0.wp.com,intentional_existing_image_cdn,https://savinggrace.org.au/wp-content/uploads/2024/12/PP-Martin-Loyd-Jones.png,be55d5e954d84955ec89b5c1fafffc14d6bc3d127e8d6e4e11d4ba3200e44bec,false,true,transformed_response_identity_unverified,f7c87772393ae307326335eef8ab4da131251e4e60a454786ca3de24fdf37ca1
539018aa6125552d7b2d54f13f87d917ee3a9558bd85f4b692324885d905c4c3,https://i0.wp.com/www.savinggrace.org.au/wp-content/uploads/2023/11/cropped-SGBC-Logo-new-no-flick-favicon-small-1-1.jpg?fit=180%2C180&ssl=1,i0.wp.com,intentional_existing_image_cdn,https://www.savinggrace.org.au/wp-content/uploads/2023/11/cropped-SGBC-Logo-new-no-flick-favicon-small-1-1.jpg,c8d73bd6bb5b523b3295f902b5cbcb22a489f73febb6525a60b0814645fe03d9,false,true,transformed_response_identity_unverified,f7c87772393ae307326335eef8ab4da131251e4e60a454786ca3de24fdf37ca1
5476e349af7c9e1480fa882d3740cd971efe60718ea750dca2b45bd4a86fbcaf,https://i0.wp.com/www.savinggrace.org.au/wp-content/uploads/2023/12/d9sarvjfhm.jpg?resize=300%2C200&ssl=1,i0.wp.com,intentional_existing_image_cdn,https://www.savinggrace.org.au/wp-content/uploads/2023/12/d9sarvjfhm.jpg,228715269b94f395bf03a8bd7af724a695fc2d373f503e31c7987ddd3c51e9fc,false,true,transformed_response_identity_unverified,f7c87772393ae307326335eef8ab4da131251e4e60a454786ca3de24fdf37ca1
54facb47e364f11198e3ca0678e1453135e34835a54b3fbaa9949f35fcdc3b86,https://i0.wp.com/savinggrace.org.au/wp-content/uploads/2023/12/Music-Ministry-SGBC.jpg?resize=300%2C150&ssl=1,i0.wp.com,intentional_existing_image_cdn,https://savinggrace.org.au/wp-content/uploads/2023/12/Music-Ministry-SGBC.jpg,e3122ac86f937878c9a041a9887b3e8f15f4ba48158d6ee45f57ff1954d31eb3,false,true,transformed_response_identity_unverified,f7c87772393ae307326335eef8ab4da131251e4e60a454786ca3de24fdf37ca1
55a1afd6cc45e695a922d16df18d9f427136807824b45b7d81c2ffd2522044f9,https://i0.wp.com/savinggrace.org.au/wp-content/uploads/2023/12/y3tl-cbu-cu.jpg?resize=300%2C198&ssl=1,i0.wp.com,intentional_existing_image_cdn,https://savinggrace.org.au/wp-content/uploads/2023/12/y3tl-cbu-cu.jpg,d0502d68f9e2c7f18fbfaf4edc3c8f0d6fc8568d36d7ee3411b9d6921019d908,false,true,transformed_response_identity_unverified,f7c87772393ae307326335eef8ab4da131251e4e60a454786ca3de24fdf37ca1
5790d015e01eff61b024ac48ad183bc0209e88ca0f175fe80d34f09daf15d53c,https://i0.wp.com/savinggrace.org.au/wp-content/uploads/2023/12/Mens-Theological-Study-small-1.jpg?resize=262%2C175&ssl=1,i0.wp.com,intentional_existing_image_cdn,https://savinggrace.org.au/wp-content/uploads/2023/12/Mens-Theological-Study-small-1.jpg,26c74b018500649c25270a7fd4ea59e7056cd4915f641391d99395e8e6975454,false,true,transformed_response_identity_unverified,f7c87772393ae307326335eef8ab4da131251e4e60a454786ca3de24fdf37ca1
57a590864f4c029257dafc9a42816adc752f15ce139a6d77773c0f0a3a6b9825,https://i0.wp.com/www.savinggrace.org.au/wp-content/uploads/2023/11/Ralph-Profile-Image.jpg?resize=555%2C667&ssl=1,i0.wp.com,intentional_existing_image_cdn,https://www.savinggrace.org.au/wp-content/uploads/2023/11/Ralph-Profile-Image.jpg,d3bcb6421d862144be492a3451cfdcae108420d67f58317c97e6147ac5ad31ae,false,true,transformed_response_identity_unverified,f7c87772393ae307326335eef8ab4da131251e4e60a454786ca3de24fdf37ca1
580fc72f248812914e381f9f2c3a0fd1d8270e50722563ebc0626e4a6bc2ea2c,https://i0.wp.com/www.savinggrace.org.au/wp-content/uploads/2023/12/yiftar2fjve.jpg?resize=360%2C480&ssl=1,i0.wp.com,intentional_existing_image_cdn,https://www.savinggrace.org.au/wp-content/uploads/2023/12/yiftar2fjve.jpg,b04d1941832243439d48f17a7b9ea55c61a1659119bf03a596248bf3e07f9688,false,true,transformed_response_identity_unverified,f7c87772393ae307326335eef8ab4da131251e4e60a454786ca3de24fdf37ca1
585889bc3c95cb2a044882d69bcb3ee44e00470437dfefb13ea319a0c0ad4bf8,https://i0.wp.com/savinggrace.org.au/wp-content/uploads/2023/09/4k2lip0zc_k.jpg?resize=360%2C240&ssl=1,i0.wp.com,intentional_existing_image_cdn,https://savinggrace.org.au/wp-content/uploads/2023/09/4k2lip0zc_k.jpg,204b323a0402167f379372c8ea6c3cdc9789ce15755d7e4c4a208b1618e8c8a7,false,true,transformed_response_identity_unverified,f7c87772393ae307326335eef8ab4da131251e4e60a454786ca3de24fdf37ca1
586e785dd5bd4511bde7a7870638cbea7a79512ff1cf7828c77e7f42375026ec,https://i0.wp.com/savinggrace.org.au/wp-content/uploads/2023/12/mo9vkbg5csg.jpg?resize=1024%2C684&ssl=1,i0.wp.com,intentional_existing_image_cdn,https://savinggrace.org.au/wp-content/uploads/2023/12/mo9vkbg5csg.jpg,8b5f07153e575c7fe3eb394cf95552f6eeeb9995c802218eb0f55520207dc765,false,true,transformed_response_identity_unverified,f7c87772393ae307326335eef8ab4da131251e4e60a454786ca3de24fdf37ca1
59ef0302249df1b20085bfc6a12d7ebd8c60b9240e30c435d29bcf209f9be9cf,https://i0.wp.com/www.savinggrace.org.au/wp-content/uploads/2023/12/Saving-Grace-Bible-Church-fellowship-1.jpg?resize=262%2C147&ssl=1,i0.wp.com,intentional_existing_image_cdn,https://www.savinggrace.org.au/wp-content/uploads/2023/12/Saving-Grace-Bible-Church-fellowship-1.jpg,cc061318465ddea1dd011822f6da166c17d2094cabf59e5407e4e1522a233971,false,true,transformed_response_identity_unverified,f7c87772393ae307326335eef8ab4da131251e4e60a454786ca3de24fdf37ca1
5a09b6a0b5ff0368ce87c67016e81c56eda092a4e504adb516ed1d3347ed2815,https://church-event.vamtam.com/wp-content/uploads/2014/01/about_bg.jpg,church-event.vamtam.com,external_image_identity_unverified,,,false,false,reference_identity_and_current_response_unverified,f7c87772393ae307326335eef8ab4da131251e4e60a454786ca3de24fdf37ca1
5b7801ac92a6ddaf65863a0f068b41fa1773290247e5db7bdde6bcc86386da6d,https://i0.wp.com/savinggrace.org.au/wp-content/uploads/2023/12/Music-Ministry-SGBC.jpg?resize=768%2C384&ssl=1,i0.wp.com,intentional_existing_image_cdn,https://savinggrace.org.au/wp-content/uploads/2023/12/Music-Ministry-SGBC.jpg,e3122ac86f937878c9a041a9887b3e8f15f4ba48158d6ee45f57ff1954d31eb3,false,true,transformed_response_identity_unverified,f7c87772393ae307326335eef8ab4da131251e4e60a454786ca3de24fdf37ca1
5b965e3470b4bdaff9cb6003464104647eed7072589c4f9ccb77fba208655a4b,https://i0.wp.com/www.savinggrace.org.au/wp-content/uploads/2025/01/Blessing-of-Humility-The-Bridges-Jerry.jpg?resize=200%2C300&ssl=1,i0.wp.com,intentional_existing_image_cdn,https://www.savinggrace.org.au/wp-content/uploads/2025/01/Blessing-of-Humility-The-Bridges-Jerry.jpg,a0d20e7dbca4c13aa438b9fa344c01ce7c35e905178c242aad697e6d83fadf16,false,true,transformed_response_identity_unverified,f7c87772393ae307326335eef8ab4da131251e4e60a454786ca3de24fdf37ca1
5bd0453483ccea50b03025fe9945e1cc52acccd1778f213bfcbeaffb2f743fc7,https://i0.wp.com/savinggrace.org.au/wp-content/uploads/2023/11/WaterBaptism-1.png?resize=360%2C203&ssl=1,i0.wp.com,intentional_existing_image_cdn,https://savinggrace.org.au/wp-content/uploads/2023/11/WaterBaptism-1.png,77919e65187a573a62ce3be6a5cc0f026097cf0abae34529b0239c01fdba7752,false,true,transformed_response_identity_unverified,f7c87772393ae307326335eef8ab4da131251e4e60a454786ca3de24fdf37ca1
5c31f141a72bbfcd031b1d24c15917953a024f5e53df644038e13215609590c5,https://i0.wp.com/www.savinggrace.org.au/wp-content/uploads/2023/12/d9sarvjfhm.jpg?resize=555%2C370&ssl=1,i0.wp.com,intentional_existing_image_cdn,https://www.savinggrace.org.au/wp-content/uploads/2023/12/d9sarvjfhm.jpg,228715269b94f395bf03a8bd7af724a695fc2d373f503e31c7987ddd3c51e9fc,false,true,transformed_response_identity_unverified,f7c87772393ae307326335eef8ab4da131251e4e60a454786ca3de24fdf37ca1
5c5a5420f5c5355c8a2a9d5f59f66fe3383792c11e2df3814b54e84eb86f0cbe,https://i0.wp.com/www.savinggrace.org.au/wp-content/uploads/2023/11/Wesam-Profile-Image.jpg?resize=262%2C305&ssl=1,i0.wp.com,intentional_existing_image_cdn,https://www.savinggrace.org.au/wp-content/uploads/2023/11/Wesam-Profile-Image.jpg,9757099aae9f3e8a32b4b0b404e2f7deed24d12acc0a5d3c7c0fcb018451fcbb,false,true,transformed_response_identity_unverified,f7c87772393ae307326335eef8ab4da131251e4e60a454786ca3de24fdf37ca1
5c7699afe51f5b3b48d0a470d818e8888389ae9ec333f69c28baeab208716abc,https://i0.wp.com/savinggrace.org.au/wp-content/uploads/2024/01/Saving-Grace-Bible-Church-Lords-Day-Service.jpg?resize=262%2C175&ssl=1,i0.wp.com,intentional_existing_image_cdn,https://savinggrace.org.au/wp-content/uploads/2024/01/Saving-Grace-Bible-Church-Lords-Day-Service.jpg,5c3420628e9d05643fff1fbaab3c3d0d65a4a0ada8aa20cd0d96ecd230c42e6b,false,true,transformed_response_identity_unverified,f7c87772393ae307326335eef8ab4da131251e4e60a454786ca3de24fdf37ca1
5c9a7f3a4d95c13c22091989e9cdb6da051526e8f29f701ed96a09527fecf8b4,https://i0.wp.com/www.savinggrace.org.au/wp-content/uploads/2023/11/Ralph-Profile-Image.jpg?resize=262%2C315&ssl=1,i0.wp.com,intentional_existing_image_cdn,https://www.savinggrace.org.au/wp-content/uploads/2023/11/Ralph-Profile-Image.jpg,d3bcb6421d862144be492a3451cfdcae108420d67f58317c97e6147ac5ad31ae,false,true,transformed_response_identity_unverified,f7c87772393ae307326335eef8ab4da131251e4e60a454786ca3de24fdf37ca1
5d7b10335da2b7832c9a1644c26c8e32c60c1ebc8e29a8a42c1a74a37b789ac8,https://i0.wp.com/www.savinggrace.org.au/wp-content/uploads/2023/12/Cross-reduced-1-scaled.jpg?resize=1024%2C683&ssl=1,i0.wp.com,intentional_existing_image_cdn,https://www.savinggrace.org.au/wp-content/uploads/2023/12/Cross-reduced-1-scaled.jpg,bd5d3471058cae05b97d2ad12efa0476254f10d9f04603c160af130b50b24960,false,true,transformed_response_identity_unverified,f7c87772393ae307326335eef8ab4da131251e4e60a454786ca3de24fdf37ca1
5e28d3d8f9200332f09ee54216191e23a2a099b831b8f2320ccee970bb7ef0f6,https://i0.wp.com/www.savinggrace.org.au/wp-content/uploads/2023/12/mo9vkbg5csg.jpg?resize=300%2C200&ssl=1,i0.wp.com,intentional_existing_image_cdn,https://www.savinggrace.org.au/wp-content/uploads/2023/12/mo9vkbg5csg.jpg,8b5f07153e575c7fe3eb394cf95552f6eeeb9995c802218eb0f55520207dc765,false,true,transformed_response_identity_unverified,f7c87772393ae307326335eef8ab4da131251e4e60a454786ca3de24fdf37ca1
5e5fad26182c2233ded7a9c0dd24f2cfb3109ff6b0c895403bb889c0498bf838,https://i0.wp.com/savinggrace.org.au/wp-content/uploads/2025/01/Fight-Like-A-Man.jpg?resize=302%2C369&ssl=1,i0.wp.com,intentional_existing_image_cdn,https://savinggrace.org.au/wp-content/uploads/2025/01/Fight-Like-A-Man.jpg,e400ab25772316c97be01e4680359e22a4105bfd5bda5e3e9ad70692f269bc26,false,true,transformed_response_identity_unverified,f7c87772393ae307326335eef8ab4da131251e4e60a454786ca3de24fdf37ca1
5e912c23720b29081057e8ee850cbcc461e807c5612cff7c0975f7591fec91e5,https://i0.wp.com/savinggrace.org.au/wp-content/uploads/2025/08/SGBC-End-Times-Bible-Study-1.png?resize=480%2C369&ssl=1,i0.wp.com,intentional_existing_image_cdn,https://savinggrace.org.au/wp-content/uploads/2025/08/SGBC-End-Times-Bible-Study-1.png,aa1099abea012d766bd0dca21dfdec98426a510f79f574ce84c5446989e4754a,false,true,transformed_response_identity_unverified,f7c87772393ae307326335eef8ab4da131251e4e60a454786ca3de24fdf37ca1
5f19e042b4dbbc3964be6aa174ed418aceb07c5d22deca831f151b55950d999f,https://i0.wp.com/www.savinggrace.org.au/wp-content/uploads/2023/12/y3tl-cbu-cu.jpg?resize=1140%2C751&ssl=1,i0.wp.com,intentional_existing_image_cdn,https://www.savinggrace.org.au/wp-content/uploads/2023/12/y3tl-cbu-cu.jpg,d0502d68f9e2c7f18fbfaf4edc3c8f0d6fc8568d36d7ee3411b9d6921019d908,false,true,transformed_response_identity_unverified,f7c87772393ae307326335eef8ab4da131251e4e60a454786ca3de24fdf37ca1
5f776b301677272da45c9bb112155fbeee8e7230dd913fa26b5412d9c1f0c11e,https://i0.wp.com/www.savinggrace.org.au/wp-content/uploads/2023/12/y3tl-cbu-cu.jpg?resize=262%2C173&ssl=1,i0.wp.com,intentional_existing_image_cdn,https://www.savinggrace.org.au/wp-content/uploads/2023/12/y3tl-cbu-cu.jpg,d0502d68f9e2c7f18fbfaf4edc3c8f0d6fc8568d36d7ee3411b9d6921019d908,false,true,transformed_response_identity_unverified,f7c87772393ae307326335eef8ab4da131251e4e60a454786ca3de24fdf37ca1
5f9c1a90d0d11e80deecd46cb8519e9fbc0bd7f363796c215521e18a74927ca5,https://i0.wp.com/www.savinggrace.org.au/wp-content/uploads/2024/12/PP-Martin-Loyd-Jones.png?w=328&ssl=1,i0.wp.com,intentional_existing_image_cdn,https://www.savinggrace.org.au/wp-content/uploads/2024/12/PP-Martin-Loyd-Jones.png,be55d5e954d84955ec89b5c1fafffc14d6bc3d127e8d6e4e11d4ba3200e44bec,false,true,transformed_response_identity_unverified,f7c87772393ae307326335eef8ab4da131251e4e60a454786ca3de24fdf37ca1
60adc3c43c24e79b5001a1ea66e4fdbe8d869d4ba511188755a61acb054d2343,https://i0.wp.com/savinggrace.org.au/wp-content/uploads/2024/01/Saving-Grace-Bible-Church-Lords-Day-Service.jpg?fit=1024%2C683&ssl=1,i0.wp.com,intentional_existing_image_cdn,https://savinggrace.org.au/wp-content/uploads/2024/01/Saving-Grace-Bible-Church-Lords-Day-Service.jpg,5c3420628e9d05643fff1fbaab3c3d0d65a4a0ada8aa20cd0d96ecd230c42e6b,false,true,transformed_response_identity_unverified,f7c87772393ae307326335eef8ab4da131251e4e60a454786ca3de24fdf37ca1
61528f2daf080a46f050dac0733051f91bf2f20cbe98b9836e3aa0e233763fdc,https://i0.wp.com/savinggrace.org.au/wp-content/uploads/2023/12/u5e1kqw6e3m.jpg?resize=360%2C240&ssl=1,i0.wp.com,intentional_existing_image_cdn,https://savinggrace.org.au/wp-content/uploads/2023/12/u5e1kqw6e3m.jpg,2e4515927cb6e972394a097112951e9eb09ab59a205e56d40361edbc08ef2cb5,false,true,transformed_response_identity_unverified,f7c87772393ae307326335eef8ab4da131251e4e60a454786ca3de24fdf37ca1
6163f7c91ff7cf623a902c588a0a5139cb0082c52b328b677052c23b6ea3eac8,https://i0.wp.com/savinggrace.org.au/wp-content/uploads/2023/12/vnlzft8kcg.jpg?resize=300%2C200&ssl=1,i0.wp.com,intentional_existing_image_cdn,https://savinggrace.org.au/wp-content/uploads/2023/12/vnlzft8kcg.jpg,00355c720bd4751be1bb6471f8cb2c0a978e604fe03b8a79ddf55e72c9f14a79,false,true,transformed_response_identity_unverified,f7c87772393ae307326335eef8ab4da131251e4e60a454786ca3de24fdf37ca1
637d9bc3ad68324a122bfa7151021b2530432a814baf558ed2bd29d0b2930338,https://i0.wp.com/savinggrace.org.au/wp-content/uploads/2023/12/u5e1kqw6e3m-300x200.jpg?resize=300%2C200&ssl=1,i0.wp.com,intentional_existing_image_cdn,https://savinggrace.org.au/wp-content/uploads/2023/12/u5e1kqw6e3m-300x200.jpg,e4458841ed312975b4c5a163e66e32b195ea330aedbe918deded15ebb1e10251,false,true,transformed_response_identity_unverified,f7c87772393ae307326335eef8ab4da131251e4e60a454786ca3de24fdf37ca1
649f78e9396fdc3e7392b2ef77c31f450907b892fadcbd81038fdf95830e2654,https://i0.wp.com/savinggrace.org.au/wp-content/uploads/2023/12/mo9vkbg5csg.jpg?resize=360%2C240&ssl=1,i0.wp.com,intentional_existing_image_cdn,https://savinggrace.org.au/wp-content/uploads/2023/12/mo9vkbg5csg.jpg,8b5f07153e575c7fe3eb394cf95552f6eeeb9995c802218eb0f55520207dc765,false,true,transformed_response_identity_unverified,f7c87772393ae307326335eef8ab4da131251e4e60a454786ca3de24fdf37ca1
64b89abd5997591fd4e19f8ae1a37b11d2b44f0ff6e1dd4d0cf38989c490c8cb,https://church-event.vamtam.com/wp-content/uploads/2014/02/header_bg1.jpg,church-event.vamtam.com,external_image_identity_unverified,,,false,false,reference_identity_and_current_response_unverified,f7c87772393ae307326335eef8ab4da131251e4e60a454786ca3de24fdf37ca1
65763a162eb3efaba137e4bfc72474fe452e0249e255d4bd50cce9cbf4221159,https://i0.wp.com/savinggrace.org.au/wp-content/uploads/2021/02/Ralph.jpg?resize=290%2C300&ssl=1,i0.wp.com,intentional_existing_image_cdn,https://savinggrace.org.au/wp-content/uploads/2021/02/Ralph.jpg,b55c1facf0bfdb709ce55467e2cdbc65ad2c36ccc9fb2dcda77d93cbce3793ce,false,true,transformed_response_identity_unverified,f7c87772393ae307326335eef8ab4da131251e4e60a454786ca3de24fdf37ca1
65a92b8b8617daf43ec07182793045c9a3d7da02330f0c0302183edfe5ab7aac,https://i0.wp.com/www.savinggrace.org.au/wp-content/uploads/2021/02/WesProfile.jpg?fit=288%2C300&ssl=1,i0.wp.com,intentional_existing_image_cdn,https://www.savinggrace.org.au/wp-content/uploads/2021/02/WesProfile.jpg,f38f2289c51831487270d8cb972c896a59951856a06c9a982c1f00a5faa98855,false,true,transformed_response_identity_unverified,f7c87772393ae307326335eef8ab4da131251e4e60a454786ca3de24fdf37ca1
65ee2fe940881c9115d012ac28fef78ec4131eb5d5fb344bd189b017da6f0c71,https://i0.wp.com/www.savinggrace.org.au/wp-content/uploads/2025/01/Blessing-of-Humility-The-Bridges-Jerry.jpg?resize=262%2C393&ssl=1,i0.wp.com,intentional_existing_image_cdn,https://www.savinggrace.org.au/wp-content/uploads/2025/01/Blessing-of-Humility-The-Bridges-Jerry.jpg,a0d20e7dbca4c13aa438b9fa344c01ce7c35e905178c242aad697e6d83fadf16,false,true,transformed_response_identity_unverified,f7c87772393ae307326335eef8ab4da131251e4e60a454786ca3de24fdf37ca1
65f18aac9c21e0cd8d0552522e07e63b3d7e60de1bc8e1f55adb316175669562,https://i0.wp.com/savinggrace.org.au/wp-content/uploads/2023/12/New-Project-1.jpg?resize=236%2C154&ssl=1,i0.wp.com,intentional_existing_image_cdn,https://savinggrace.org.au/wp-content/uploads/2023/12/New-Project-1.jpg,749084ff0b4a63e6fd66f20fadaa01577fbc3d11911546571f223eb222f989de,false,true,transformed_response_identity_unverified,f7c87772393ae307326335eef8ab4da131251e4e60a454786ca3de24fdf37ca1
660ef1fa1f54a148e94de253be26c462f1e294288fa5a0d503a604d08473cb54,https://i0.wp.com/savinggrace.org.au/wp-content/uploads/2024/12/PP-Martin-Loyd-Jones-197x300.png?resize=197%2C300&ssl=1,i0.wp.com,intentional_existing_image_cdn,https://savinggrace.org.au/wp-content/uploads/2024/12/PP-Martin-Loyd-Jones-197x300.png,eedd11b7a7a41df18564fbfb62c5816388e0dd53d5ff71df3f5de0bef0497f5b,false,true,transformed_response_identity_unverified,f7c87772393ae307326335eef8ab4da131251e4e60a454786ca3de24fdf37ca1
67050afab0dac4f185ce22154c71decd487d5c76e44b64bd325e06602d01d16b,https://i0.wp.com/savinggrace.org.au/wp-content/uploads/2021/02/Ralph.jpg?resize=768%2C796&ssl=1,i0.wp.com,intentional_existing_image_cdn,https://savinggrace.org.au/wp-content/uploads/2021/02/Ralph.jpg,b55c1facf0bfdb709ce55467e2cdbc65ad2c36ccc9fb2dcda77d93cbce3793ce,false,true,transformed_response_identity_unverified,f7c87772393ae307326335eef8ab4da131251e4e60a454786ca3de24fdf37ca1
68305cead2ab311e9448c3ea8741bce9ec50737243a3aff2c765f9f0626b1d2d,https://i0.wp.com/savinggrace.org.au/wp-content/uploads/2023/12/mo9vkbg5csg.jpg?resize=300%2C200&ssl=1,i0.wp.com,intentional_existing_image_cdn,https://savinggrace.org.au/wp-content/uploads/2023/12/mo9vkbg5csg.jpg,8b5f07153e575c7fe3eb394cf95552f6eeeb9995c802218eb0f55520207dc765,false,true,transformed_response_identity_unverified,f7c87772393ae307326335eef8ab4da131251e4e60a454786ca3de24fdf37ca1
684e6730805ea95f428a12b3caba7d4a65085a7a2e063f77f6603ae28812e4fe,https://i0.wp.com/savinggrace.org.au/wp-content/uploads/2023/12/vnlzft8kcg.jpg?resize=1140%2C760&ssl=1,i0.wp.com,intentional_existing_image_cdn,https://savinggrace.org.au/wp-content/uploads/2023/12/vnlzft8kcg.jpg,00355c720bd4751be1bb6471f8cb2c0a978e604fe03b8a79ddf55e72c9f14a79,false,true,transformed_response_identity_unverified,f7c87772393ae307326335eef8ab4da131251e4e60a454786ca3de24fdf37ca1
6a38924d3fbee01284a70358a9874f8269c2ba26c46e737b73ea060902724549,https://i0.wp.com/savinggrace.org.au/wp-content/uploads/2025/08/SGBC-End-Times-Bible-Study-1.png?resize=262%2C262&ssl=1,i0.wp.com,intentional_existing_image_cdn,https://savinggrace.org.au/wp-content/uploads/2025/08/SGBC-End-Times-Bible-Study-1.png,aa1099abea012d766bd0dca21dfdec98426a510f79f574ce84c5446989e4754a,false,true,transformed_response_identity_unverified,f7c87772393ae307326335eef8ab4da131251e4e60a454786ca3de24fdf37ca1
6ad38934380973caeae32855e5f01dc94a066d9736c23f45d58613905ef0d31c,https://i0.wp.com/savinggrace.org.au/wp-content/uploads/2025/08/SGBC-End-Times-Bible-Study-1.png?resize=60%2C60&ssl=1,i0.wp.com,intentional_existing_image_cdn,https://savinggrace.org.au/wp-content/uploads/2025/08/SGBC-End-Times-Bible-Study-1.png,aa1099abea012d766bd0dca21dfdec98426a510f79f574ce84c5446989e4754a,false,true,transformed_response_identity_unverified,f7c87772393ae307326335eef8ab4da131251e4e60a454786ca3de24fdf37ca1
6ad9a705b888dd13b7c076e07baf5167579125831dc8f0990f94dbc5171cad1a,https://i0.wp.com/www.savinggrace.org.au/wp-content/uploads/2023/12/Mens-Theological-Study-small-1.jpg?w=300&ssl=1,i0.wp.com,intentional_existing_image_cdn,https://www.savinggrace.org.au/wp-content/uploads/2023/12/Mens-Theological-Study-small-1.jpg,26c74b018500649c25270a7fd4ea59e7056cd4915f641391d99395e8e6975454,false,true,transformed_response_identity_unverified,f7c87772393ae307326335eef8ab4da131251e4e60a454786ca3de24fdf37ca1
6b74f69ea4cbd2b2b5d6d32d37b51f30ff5a0e04f8ed34bb70ffbfe83a08dcbb,https://i0.wp.com/www.savinggrace.org.au/wp-content/uploads/2023/11/cropped-SGBC-Logo-new-no-flick-favicon-small-1-1.jpg?fit=192%2C192&ssl=1,i0.wp.com,intentional_existing_image_cdn,https://www.savinggrace.org.au/wp-content/uploads/2023/11/cropped-SGBC-Logo-new-no-flick-favicon-small-1-1.jpg,c8d73bd6bb5b523b3295f902b5cbcb22a489f73febb6525a60b0814645fe03d9,false,true,transformed_response_identity_unverified,f7c87772393ae307326335eef8ab4da131251e4e60a454786ca3de24fdf37ca1
6b7a706b95bae004320333a91613bf41f91c51c468ab9bb11c3c150e75030ae5,https://i0.wp.com/www.savinggrace.org.au/wp-content/uploads/2023/12/d9sarvjfhm.jpg?resize=768%2C512&ssl=1,i0.wp.com,intentional_existing_image_cdn,https://www.savinggrace.org.au/wp-content/uploads/2023/12/d9sarvjfhm.jpg,228715269b94f395bf03a8bd7af724a695fc2d373f503e31c7987ddd3c51e9fc,false,true,transformed_response_identity_unverified,f7c87772393ae307326335eef8ab4da131251e4e60a454786ca3de24fdf37ca1
6c941e6c3c3f3d79e2ca5eb3f8b1645d57d875a93fb8d3f4e240d9e5effd06b2,https://i0.wp.com/www.savinggrace.org.au/wp-content/uploads/2023/11/48394120_125688415044051_1958516288250707968_n.jpg?resize=768%2C231&ssl=1,i0.wp.com,intentional_existing_image_cdn,https://www.savinggrace.org.au/wp-content/uploads/2023/11/48394120_125688415044051_1958516288250707968_n.jpg,55ca3485617cdf68e5b0a468ae074d591cd2f2a89ee0685f2c095f395d58a1e4,false,true,transformed_response_identity_unverified,f7c87772393ae307326335eef8ab4da131251e4e60a454786ca3de24fdf37ca1
6d32c45fda1c86097de072cc71f0d26155c55eeaf17b76ff59776c91e203a84a,https://i0.wp.com/savinggrace.org.au/wp-content/uploads/2023/09/g1-kch8gzna.jpg?resize=200%2C300&ssl=1,i0.wp.com,intentional_existing_image_cdn,https://savinggrace.org.au/wp-content/uploads/2023/09/g1-kch8gzna.jpg,736ec56c33467da3ede96390b61c6ac19bb05ab0f308aea2fa8ede21e3a321d3,false,true,transformed_response_identity_unverified,f7c87772393ae307326335eef8ab4da131251e4e60a454786ca3de24fdf37ca1
703101a6794cc295201045b7510242c28956a57a1c05b1b3076626f428d79df7,https://i0.wp.com/www.savinggrace.org.au/wp-content/uploads/2023/12/Music-Ministry-SGBC.jpg?resize=360%2C180&ssl=1,i0.wp.com,intentional_existing_image_cdn,https://www.savinggrace.org.au/wp-content/uploads/2023/12/Music-Ministry-SGBC.jpg,e3122ac86f937878c9a041a9887b3e8f15f4ba48158d6ee45f57ff1954d31eb3,false,true,transformed_response_identity_unverified,f7c87772393ae307326335eef8ab4da131251e4e60a454786ca3de24fdf37ca1
704a363f94b1536247f395b0e149f720ed273e24fab4f925ed86838912284014,https://i0.wp.com/savinggrace.org.au/wp-content/uploads/2023/12/d9sarvjfhm.jpg?w=1600&ssl=1,i0.wp.com,intentional_existing_image_cdn,https://savinggrace.org.au/wp-content/uploads/2023/12/d9sarvjfhm.jpg,228715269b94f395bf03a8bd7af724a695fc2d373f503e31c7987ddd3c51e9fc,false,true,transformed_response_identity_unverified,f7c87772393ae307326335eef8ab4da131251e4e60a454786ca3de24fdf37ca1
704f7362141fb5c875e1bafa32635ce0619589dc8442ab75b3e6bc7802f4c6a2,https://i0.wp.com/www.savinggrace.org.au/wp-content/uploads/2021/02/WesProfile.jpg?resize=288%2C300&ssl=1,i0.wp.com,intentional_existing_image_cdn,https://www.savinggrace.org.au/wp-content/uploads/2021/02/WesProfile.jpg,f38f2289c51831487270d8cb972c896a59951856a06c9a982c1f00a5faa98855,false,true,transformed_response_identity_unverified,f7c87772393ae307326335eef8ab4da131251e4e60a454786ca3de24fdf37ca1
705acedf4b6cd01e27ac2067529f0569739ca5c74fe3fd0a95493e48dbc1911c,https://i0.wp.com/savinggrace.org.au/wp-content/uploads/2023/11/Ralph-Profile-Image.jpg?resize=262%2C315&ssl=1,i0.wp.com,intentional_existing_image_cdn,https://savinggrace.org.au/wp-content/uploads/2023/11/Ralph-Profile-Image.jpg,d3bcb6421d862144be492a3451cfdcae108420d67f58317c97e6147ac5ad31ae,false,true,transformed_response_identity_unverified,f7c87772393ae307326335eef8ab4da131251e4e60a454786ca3de24fdf37ca1
705fe10fd16a84efc680d2edc5b3771e832e98c84c50010fdc5c914e30fa1b30,https://i0.wp.com/www.savinggrace.org.au/wp-content/uploads/2024/12/PP-Martin-Loyd-Jones.png?fit=328%2C500&ssl=1,i0.wp.com,intentional_existing_image_cdn,https://www.savinggrace.org.au/wp-content/uploads/2024/12/PP-Martin-Loyd-Jones.png,be55d5e954d84955ec89b5c1fafffc14d6bc3d127e8d6e4e11d4ba3200e44bec,false,true,transformed_response_identity_unverified,f7c87772393ae307326335eef8ab4da131251e4e60a454786ca3de24fdf37ca1
71bbb85332470f2b545b75fdac1d59cad442731aefdc53305c10e46eddbea390,https://i0.wp.com/savinggrace.org.au/wp-content/uploads/2023/12/Cross-reduced-1-scaled.jpg?w=2560&ssl=1,i0.wp.com,intentional_existing_image_cdn,https://savinggrace.org.au/wp-content/uploads/2023/12/Cross-reduced-1-scaled.jpg,bd5d3471058cae05b97d2ad12efa0476254f10d9f04603c160af130b50b24960,false,true,transformed_response_identity_unverified,f7c87772393ae307326335eef8ab4da131251e4e60a454786ca3de24fdf37ca1
72c1d8ff0d6df2ddc6f863966ad4791c735ff2ef484c258f2a1382688932e8a4,https://i0.wp.com/www.savinggrace.org.au/wp-content/uploads/2023/11/Wesam-Profile-Image.jpg?fit=258%2C300&ssl=1,i0.wp.com,intentional_existing_image_cdn,https://www.savinggrace.org.au/wp-content/uploads/2023/11/Wesam-Profile-Image.jpg,9757099aae9f3e8a32b4b0b404e2f7deed24d12acc0a5d3c7c0fcb018451fcbb,false,true,transformed_response_identity_unverified,f7c87772393ae307326335eef8ab4da131251e4e60a454786ca3de24fdf37ca1
740a8f2c0492a01ad4f764f26cbb32635dfb945f7a262d0d414a7e5f8e5c0510,https://i0.wp.com/www.savinggrace.org.au/wp-content/uploads/2025/01/Fight-Like-A-Man.jpg?w=302&ssl=1,i0.wp.com,intentional_existing_image_cdn,https://www.savinggrace.org.au/wp-content/uploads/2025/01/Fight-Like-A-Man.jpg,e400ab25772316c97be01e4680359e22a4105bfd5bda5e3e9ad70692f269bc26,false,true,transformed_response_identity_unverified,f7c87772393ae307326335eef8ab4da131251e4e60a454786ca3de24fdf37ca1
7423e0b42ab800a15e89bfc0d3bcf27f82c33b62999bc4369d62c1c1bd311189,https://i0.wp.com/savinggrace.org.au/wp-content/uploads/2023/12/Saving-Grace-Bible-Church-fellowship-1.jpg?resize=1024%2C576&ssl=1,i0.wp.com,intentional_existing_image_cdn,https://savinggrace.org.au/wp-content/uploads/2023/12/Saving-Grace-Bible-Church-fellowship-1.jpg,cc061318465ddea1dd011822f6da166c17d2094cabf59e5407e4e1522a233971,false,true,transformed_response_identity_unverified,f7c87772393ae307326335eef8ab4da131251e4e60a454786ca3de24fdf37ca1
749e3903d727f6ba267bdd8b682e0685b44d1b535512a0e0854031b493eba263,https://i0.wp.com/www.savinggrace.org.au/wp-content/uploads/2023/11/48394120_125688415044051_1958516288250707968_n.jpg?resize=555%2C167&ssl=1,i0.wp.com,intentional_existing_image_cdn,https://www.savinggrace.org.au/wp-content/uploads/2023/11/48394120_125688415044051_1958516288250707968_n.jpg,55ca3485617cdf68e5b0a468ae074d591cd2f2a89ee0685f2c095f395d58a1e4,false,true,transformed_response_identity_unverified,f7c87772393ae307326335eef8ab4da131251e4e60a454786ca3de24fdf37ca1
756f6ac9e465c3c9a5755c1cdfd3b230ff77741c0a529553319b67cd8df051b8,https://i0.wp.com/savinggrace.org.au/wp-content/uploads/2024/01/Saving-Grace-Bible-Church-Lords-Day-Service.jpg?resize=360%2C240&ssl=1,i0.wp.com,intentional_existing_image_cdn,https://savinggrace.org.au/wp-content/uploads/2024/01/Saving-Grace-Bible-Church-Lords-Day-Service.jpg,5c3420628e9d05643fff1fbaab3c3d0d65a4a0ada8aa20cd0d96ecd230c42e6b,false,true,transformed_response_identity_unverified,f7c87772393ae307326335eef8ab4da131251e4e60a454786ca3de24fdf37ca1
75a900b4a19e016b197334bc6d9ba6886907644039a1f97fe2fbae32d0ba7907,https://i0.wp.com/www.savinggrace.org.au/wp-content/uploads/2023/12/mo9vkbg5csg.jpg?resize=1024%2C684&ssl=1,i0.wp.com,intentional_existing_image_cdn,https://www.savinggrace.org.au/wp-content/uploads/2023/12/mo9vkbg5csg.jpg,8b5f07153e575c7fe3eb394cf95552f6eeeb9995c802218eb0f55520207dc765,false,true,transformed_response_identity_unverified,f7c87772393ae307326335eef8ab4da131251e4e60a454786ca3de24fdf37ca1
75eb45419ada88b0151c566900e2e963fa4a2f4dbe8e11d7e625ad4a1ef4f4cd,https://i0.wp.com/www.savinggrace.org.au/wp-content/uploads/2023/11/1xwvmneiyky.jpg?resize=683%2C1024&ssl=1,i0.wp.com,intentional_existing_image_cdn,https://www.savinggrace.org.au/wp-content/uploads/2023/11/1xwvmneiyky.jpg,058684c0516fa9f62b9850aaaffb38b7e15249c28f31786e8263d94d71fb902b,false,true,transformed_response_identity_unverified,f7c87772393ae307326335eef8ab4da131251e4e60a454786ca3de24fdf37ca1
763932827e2f9a492281330a6521f2a5624f6ac667e64833f84a7368623d6e79,https://i0.wp.com/savinggrace.org.au/wp-content/uploads/2025/01/Saving-Grace-Bible-Church-Entrance.png?resize=300%2C201&ssl=1,i0.wp.com,intentional_existing_image_cdn,https://savinggrace.org.au/wp-content/uploads/2025/01/Saving-Grace-Bible-Church-Entrance.png,3ab5c3ff14de132959691b79997d921aabd9961a86076e87f39bd7f65dc1f31b,false,true,transformed_response_identity_unverified,f7c87772393ae307326335eef8ab4da131251e4e60a454786ca3de24fdf37ca1
769a5585f6c5a223092e3d27b5b7f5f712d239f3501abaecf863d0966197c90f,https://i0.wp.com/savinggrace.org.au/wp-content/uploads/2023/11/Wesam-Profile-Image.jpg?fit=258%2C300&ssl=1,i0.wp.com,intentional_existing_image_cdn,https://savinggrace.org.au/wp-content/uploads/2023/11/Wesam-Profile-Image.jpg,9757099aae9f3e8a32b4b0b404e2f7deed24d12acc0a5d3c7c0fcb018451fcbb,false,true,transformed_response_identity_unverified,f7c87772393ae307326335eef8ab4da131251e4e60a454786ca3de24fdf37ca1
77ba21e42da1dc641f35c7da7129e78d5edfdaad35937dea0e26423b24397ea4,https://i0.wp.com/www.savinggrace.org.au/wp-content/uploads/2025/08/SGBC-End-Times-Bible-Study-1.png?resize=480%2C369&ssl=1,i0.wp.com,intentional_existing_image_cdn,https://www.savinggrace.org.au/wp-content/uploads/2025/08/SGBC-End-Times-Bible-Study-1.png,aa1099abea012d766bd0dca21dfdec98426a510f79f574ce84c5446989e4754a,false,true,transformed_response_identity_unverified,f7c87772393ae307326335eef8ab4da131251e4e60a454786ca3de24fdf37ca1
77f3d89919280177fc81c66e510caf9e0e30b5029001e3736f5bd4af168c1846,https://i0.wp.com/www.savinggrace.org.au/wp-content/uploads/2023/12/Cross-reduced-1-scaled.jpg?resize=1140%2C760&ssl=1,i0.wp.com,intentional_existing_image_cdn,https://www.savinggrace.org.au/wp-content/uploads/2023/12/Cross-reduced-1-scaled.jpg,bd5d3471058cae05b97d2ad12efa0476254f10d9f04603c160af130b50b24960,false,true,transformed_response_identity_unverified,f7c87772393ae307326335eef8ab4da131251e4e60a454786ca3de24fdf37ca1
78bdb4e6ce3a21911e4a6b565abf51fee84feb7f1ad58c4f238ddbc8f64e4385,https://i0.wp.com/www.savinggrace.org.au/wp-content/uploads/2023/12/u5e1kqw6e3m.jpg?resize=1140%2C760&ssl=1,i0.wp.com,intentional_existing_image_cdn,https://www.savinggrace.org.au/wp-content/uploads/2023/12/u5e1kqw6e3m.jpg,2e4515927cb6e972394a097112951e9eb09ab59a205e56d40361edbc08ef2cb5,false,true,transformed_response_identity_unverified,f7c87772393ae307326335eef8ab4da131251e4e60a454786ca3de24fdf37ca1
78d7efdad5417e19f90551c62e94a7c9089c575e530a269f57b4cfdc307b7507,https://i0.wp.com/www.savinggrace.org.au/wp-content/uploads/2024/01/Saving-Grace-Bible-Church-Lords-Day-Service.jpg?resize=1024%2C683&ssl=1,i0.wp.com,intentional_existing_image_cdn,https://www.savinggrace.org.au/wp-content/uploads/2024/01/Saving-Grace-Bible-Church-Lords-Day-Service.jpg,5c3420628e9d05643fff1fbaab3c3d0d65a4a0ada8aa20cd0d96ecd230c42e6b,false,true,transformed_response_identity_unverified,f7c87772393ae307326335eef8ab4da131251e4e60a454786ca3de24fdf37ca1
78e3fd1f7ef547fb52b0ca130b6fccfdf6ddee425c3a5cd531bd48bc0823c3b2,https://i0.wp.com/savinggrace.org.au/wp-content/uploads/2025/08/SGBC-End-Times-Bible-Study-1.png?resize=768%2C768&ssl=1,i0.wp.com,intentional_existing_image_cdn,https://savinggrace.org.au/wp-content/uploads/2025/08/SGBC-End-Times-Bible-Study-1.png,aa1099abea012d766bd0dca21dfdec98426a510f79f574ce84c5446989e4754a,false,true,transformed_response_identity_unverified,f7c87772393ae307326335eef8ab4da131251e4e60a454786ca3de24fdf37ca1
790722d7dae0394e9c4a8f121652eb01832935002b7aa4cda11aa68a73828506,https://i0.wp.com/www.savinggrace.org.au/wp-content/uploads/2023/11/Ralph-Profile-Image.jpg?w=600&ssl=1,i0.wp.com,intentional_existing_image_cdn,https://www.savinggrace.org.au/wp-content/uploads/2023/11/Ralph-Profile-Image.jpg,d3bcb6421d862144be492a3451cfdcae108420d67f58317c97e6147ac5ad31ae,false,true,transformed_response_identity_unverified,f7c87772393ae307326335eef8ab4da131251e4e60a454786ca3de24fdf37ca1
7916df735ff5a51a8906d5377810e1705150e995a360d77c80e211705a237cea,https://i0.wp.com/www.savinggrace.org.au/wp-content/uploads/2025/01/Blessing-of-Humility-The-Bridges-Jerry.jpg?resize=420%2C369&ssl=1,i0.wp.com,intentional_existing_image_cdn,https://www.savinggrace.org.au/wp-content/uploads/2025/01/Blessing-of-Humility-The-Bridges-Jerry.jpg,a0d20e7dbca4c13aa438b9fa344c01ce7c35e905178c242aad697e6d83fadf16,false,true,transformed_response_identity_unverified,f7c87772393ae307326335eef8ab4da131251e4e60a454786ca3de24fdf37ca1
7a0f52cd29140fc0fa25630a29c1c1978ddd013bb26fe73953af1da4768a5527,https://i0.wp.com/www.savinggrace.org.au/wp-content/uploads/2021/02/Ralph.jpg?resize=768%2C796&ssl=1,i0.wp.com,intentional_existing_image_cdn,https://www.savinggrace.org.au/wp-content/uploads/2021/02/Ralph.jpg,b55c1facf0bfdb709ce55467e2cdbc65ad2c36ccc9fb2dcda77d93cbce3793ce,false,true,transformed_response_identity_unverified,f7c87772393ae307326335eef8ab4da131251e4e60a454786ca3de24fdf37ca1
7a1e6d5cb9470a7db3919341ba0555992288d4daf1820e45a58d231a9fca7ad4,https://i0.wp.com/www.savinggrace.org.au/wp-content/uploads/2023/12/Saving-Grace-Bible-Church-fellowship-1.jpg?resize=1140%2C641&ssl=1,i0.wp.com,intentional_existing_image_cdn,https://www.savinggrace.org.au/wp-content/uploads/2023/12/Saving-Grace-Bible-Church-fellowship-1.jpg,cc061318465ddea1dd011822f6da166c17d2094cabf59e5407e4e1522a233971,false,true,transformed_response_identity_unverified,f7c87772393ae307326335eef8ab4da131251e4e60a454786ca3de24fdf37ca1
7c7254b7cd04e19b07bcd2e86661c46653e8a6598e1e8beb1065cfba224f42f6,https://i0.wp.com/savinggrace.org.au/wp-content/uploads/2023/09/g1-kch8gzna-200x300.jpg?resize=200%2C300&ssl=1,i0.wp.com,intentional_existing_image_cdn,https://savinggrace.org.au/wp-content/uploads/2023/09/g1-kch8gzna-200x300.jpg,5a31ff3881ae88f0d995e806a81eb3c1b4012d1b394ad866ec1874b2d13d0074,false,true,transformed_response_identity_unverified,f7c87772393ae307326335eef8ab4da131251e4e60a454786ca3de24fdf37ca1
7c9ccbf7a092640545d2607833f76ecd15ecd2769e1230a604c6b1ddf8465507,https://i0.wp.com/savinggrace.org.au/wp-content/uploads/2023/11/Ralph-Profile-Image.jpg?w=600&ssl=1,i0.wp.com,intentional_existing_image_cdn,https://savinggrace.org.au/wp-content/uploads/2023/11/Ralph-Profile-Image.jpg,d3bcb6421d862144be492a3451cfdcae108420d67f58317c97e6147ac5ad31ae,false,true,transformed_response_identity_unverified,f7c87772393ae307326335eef8ab4da131251e4e60a454786ca3de24fdf37ca1
7de6d2840c6f858824a6ac9e3702140db73b16906b37bf5529b35e87adeeee5c,https://i0.wp.com/www.savinggrace.org.au/wp-content/uploads/2023/12/d9sarvjfhm.jpg?w=1600&ssl=1,i0.wp.com,intentional_existing_image_cdn,https://www.savinggrace.org.au/wp-content/uploads/2023/12/d9sarvjfhm.jpg,228715269b94f395bf03a8bd7af724a695fc2d373f503e31c7987ddd3c51e9fc,false,true,transformed_response_identity_unverified,f7c87772393ae307326335eef8ab4da131251e4e60a454786ca3de24fdf37ca1
7dfe9a729558beabc73e6f1ff56e0654586ca8a17cefae1b4894bf9bf395786e,https://i0.wp.com/savinggrace.org.au/wp-content/uploads/2025/08/SGBC-End-Times-Bible-Study-1.png?fit=1024%2C1024&ssl=1,i0.wp.com,intentional_existing_image_cdn,https://savinggrace.org.au/wp-content/uploads/2025/08/SGBC-End-Times-Bible-Study-1.png,aa1099abea012d766bd0dca21dfdec98426a510f79f574ce84c5446989e4754a,false,true,transformed_response_identity_unverified,f7c87772393ae307326335eef8ab4da131251e4e60a454786ca3de24fdf37ca1
7e44d4f759a64f7de908efadcacaf96e8e209c99141b3f5600fb379d653508b3,https://i0.wp.com/savinggrace.org.au/wp-content/uploads/2023/11/WaterBaptism-1.png?w=600&ssl=1,i0.wp.com,intentional_existing_image_cdn,https://savinggrace.org.au/wp-content/uploads/2023/11/WaterBaptism-1.png,77919e65187a573a62ce3be6a5cc0f026097cf0abae34529b0239c01fdba7752,false,true,transformed_response_identity_unverified,f7c87772393ae307326335eef8ab4da131251e4e60a454786ca3de24fdf37ca1
7ed16d4e9ff5483895372dc8b9284d66cdc9ab7809d2f1376aad57842cd21574,https://i0.wp.com/www.savinggrace.org.au/wp-content/uploads/2023/09/4k2lip0zc_k.jpg?resize=262%2C175&ssl=1,i0.wp.com,intentional_existing_image_cdn,https://www.savinggrace.org.au/wp-content/uploads/2023/09/4k2lip0zc_k.jpg,204b323a0402167f379372c8ea6c3cdc9789ce15755d7e4c4a208b1618e8c8a7,false,true,transformed_response_identity_unverified,f7c87772393ae307326335eef8ab4da131251e4e60a454786ca3de24fdf37ca1
7ed9b4188a559ebb8b90e92c0b38d78cee20cd5f743e1ffff157e5271ec5b17a,https://i0.wp.com/www.savinggrace.org.au/wp-content/uploads/2023/12/u5e1kqw6e3m.jpg?resize=300%2C200&ssl=1,i0.wp.com,intentional_existing_image_cdn,https://www.savinggrace.org.au/wp-content/uploads/2023/12/u5e1kqw6e3m.jpg,2e4515927cb6e972394a097112951e9eb09ab59a205e56d40361edbc08ef2cb5,false,true,transformed_response_identity_unverified,f7c87772393ae307326335eef8ab4da131251e4e60a454786ca3de24fdf37ca1
8070ae869160061513a4de688a1d428141fad18d1ac643518094d7a8456d4703,https://i0.wp.com/savinggrace.org.au/wp-content/uploads/2023/12/yiftar2fjve.jpg?resize=225%2C300&ssl=1,i0.wp.com,intentional_existing_image_cdn,https://savinggrace.org.au/wp-content/uploads/2023/12/yiftar2fjve.jpg,b04d1941832243439d48f17a7b9ea55c61a1659119bf03a596248bf3e07f9688,false,true,transformed_response_identity_unverified,f7c87772393ae307326335eef8ab4da131251e4e60a454786ca3de24fdf37ca1
81c448b34dead55ac989fabc5e7f6006da73691621818e7ef9339951eeb9031c,https://i0.wp.com/www.savinggrace.org.au/wp-content/uploads/2025/08/SGBC-End-Times-Bible-Study-1.png?resize=262%2C201&ssl=1,i0.wp.com,intentional_existing_image_cdn,https://www.savinggrace.org.au/wp-content/uploads/2025/08/SGBC-End-Times-Bible-Study-1.png,aa1099abea012d766bd0dca21dfdec98426a510f79f574ce84c5446989e4754a,false,true,transformed_response_identity_unverified,f7c87772393ae307326335eef8ab4da131251e4e60a454786ca3de24fdf37ca1
81c8123e514bda2b1624b17bf95de15de02cb3381ce678b267b497d84c1ebc04,https://i0.wp.com/savinggrace.org.au/wp-content/uploads/2023/12/u5e1kqw6e3m.jpg?resize=300%2C200&ssl=1,i0.wp.com,intentional_existing_image_cdn,https://savinggrace.org.au/wp-content/uploads/2023/12/u5e1kqw6e3m.jpg,2e4515927cb6e972394a097112951e9eb09ab59a205e56d40361edbc08ef2cb5,false,true,transformed_response_identity_unverified,f7c87772393ae307326335eef8ab4da131251e4e60a454786ca3de24fdf37ca1
81da75b5d9665ddf8e7bbd22bbb9d5095812fbadb575d960d30d6104bbc9130b,https://i0.wp.com/www.savinggrace.org.au/wp-content/uploads/2023/12/Music-Ministry-SGBC.jpg?resize=1024%2C512&ssl=1,i0.wp.com,intentional_existing_image_cdn,https://www.savinggrace.org.au/wp-content/uploads/2023/12/Music-Ministry-SGBC.jpg,e3122ac86f937878c9a041a9887b3e8f15f4ba48158d6ee45f57ff1954d31eb3,false,true,transformed_response_identity_unverified,f7c87772393ae307326335eef8ab4da131251e4e60a454786ca3de24fdf37ca1
8283b7b3dcdfe0287d410063738723390ffbfabdfa696b8a2cb9864f927c2c44,https://i0.wp.com/savinggrace.org.au/wp-content/uploads/2025/01/Fight-Like-A-Man.jpg?resize=262%2C404&ssl=1,i0.wp.com,intentional_existing_image_cdn,https://savinggrace.org.au/wp-content/uploads/2025/01/Fight-Like-A-Man.jpg,e400ab25772316c97be01e4680359e22a4105bfd5bda5e3e9ad70692f269bc26,false,true,transformed_response_identity_unverified,f7c87772393ae307326335eef8ab4da131251e4e60a454786ca3de24fdf37ca1
82e93ab0ca661011632dd8a81be2148e41e1e06a4feb89cf879d11913743f10d,https://i0.wp.com/savinggrace.org.au/wp-content/uploads/2023/12/y3tl-cbu-cu.jpg?resize=768%2C506&ssl=1,i0.wp.com,intentional_existing_image_cdn,https://savinggrace.org.au/wp-content/uploads/2023/12/y3tl-cbu-cu.jpg,d0502d68f9e2c7f18fbfaf4edc3c8f0d6fc8568d36d7ee3411b9d6921019d908,false,true,transformed_response_identity_unverified,f7c87772393ae307326335eef8ab4da131251e4e60a454786ca3de24fdf37ca1
83b08edf344af13fc378c2ac65fba94c8d107fe6e82041f1d30b908d53ed226c,https://i0.wp.com/www.savinggrace.org.au/wp-content/uploads/2024/12/PP-Martin-Loyd-Jones.png?resize=197%2C300&ssl=1,i0.wp.com,intentional_existing_image_cdn,https://www.savinggrace.org.au/wp-content/uploads/2024/12/PP-Martin-Loyd-Jones.png,be55d5e954d84955ec89b5c1fafffc14d6bc3d127e8d6e4e11d4ba3200e44bec,false,true,transformed_response_identity_unverified,f7c87772393ae307326335eef8ab4da131251e4e60a454786ca3de24fdf37ca1
8528072b4c080fdddb0d7edd60e83e397af3b9dd1a341ead7beec2051c359c57,https://i0.wp.com/www.savinggrace.org.au/wp-content/uploads/2023/12/y3tl-cbu-cu.jpg?resize=360%2C237&ssl=1,i0.wp.com,intentional_existing_image_cdn,https://www.savinggrace.org.au/wp-content/uploads/2023/12/y3tl-cbu-cu.jpg,d0502d68f9e2c7f18fbfaf4edc3c8f0d6fc8568d36d7ee3411b9d6921019d908,false,true,transformed_response_identity_unverified,f7c87772393ae307326335eef8ab4da131251e4e60a454786ca3de24fdf37ca1
857c66714d3750f023757f996364d6d3f5389f49556e281d175c890019f304d7,https://i0.wp.com/savinggrace.org.au/wp-content/uploads/2025/08/SGBC-End-Times-Bible-Study-1.png?resize=300%2C300&ssl=1,i0.wp.com,intentional_existing_image_cdn,https://savinggrace.org.au/wp-content/uploads/2025/08/SGBC-End-Times-Bible-Study-1.png,aa1099abea012d766bd0dca21dfdec98426a510f79f574ce84c5446989e4754a,false,true,transformed_response_identity_unverified,f7c87772393ae307326335eef8ab4da131251e4e60a454786ca3de24fdf37ca1
86abdacba13b59f774230fcdad6775b011f7e7977fbcf87e737210e8bb5915fb,https://i0.wp.com/savinggrace.org.au/wp-content/uploads/2023/12/vnlzft8kcg.jpg?resize=1024%2C683&ssl=1,i0.wp.com,intentional_existing_image_cdn,https://savinggrace.org.au/wp-content/uploads/2023/12/vnlzft8kcg.jpg,00355c720bd4751be1bb6471f8cb2c0a978e604fe03b8a79ddf55e72c9f14a79,false,true,transformed_response_identity_unverified,f7c87772393ae307326335eef8ab4da131251e4e60a454786ca3de24fdf37ca1
886fc27101f3d58c42e18f04f09c3503681ab81e58bebe5765748ce5107f6549,https://i0.wp.com/www.savinggrace.org.au/wp-content/uploads/2025/08/SGBC-End-Times-Bible-Study-1.png?resize=106%2C106&ssl=1,i0.wp.com,intentional_existing_image_cdn,https://www.savinggrace.org.au/wp-content/uploads/2025/08/SGBC-End-Times-Bible-Study-1.png,aa1099abea012d766bd0dca21dfdec98426a510f79f574ce84c5446989e4754a,false,true,transformed_response_identity_unverified,f7c87772393ae307326335eef8ab4da131251e4e60a454786ca3de24fdf37ca1
8930016a0a452b774b4b0322559ade9ca11b0f56118e783f4b432fdf4c225831,https://i0.wp.com/savinggrace.org.au/wp-content/uploads/2023/11/48394120_125688415044051_1958516288250707968_n.jpg?resize=768%2C231&ssl=1,i0.wp.com,intentional_existing_image_cdn,https://savinggrace.org.au/wp-content/uploads/2023/11/48394120_125688415044051_1958516288250707968_n.jpg,55ca3485617cdf68e5b0a468ae074d591cd2f2a89ee0685f2c095f395d58a1e4,false,true,transformed_response_identity_unverified,f7c87772393ae307326335eef8ab4da131251e4e60a454786ca3de24fdf37ca1
89b53ab309ff749fe15092df51442ca465ee81f0f608f094a3740f36c0dc8ada,https://i0.wp.com/www.savinggrace.org.au/wp-content/uploads/2024/01/Saving-Grace-Bible-Church-Lords-Day-Service.jpg?resize=555%2C370&ssl=1,i0.wp.com,intentional_existing_image_cdn,https://www.savinggrace.org.au/wp-content/uploads/2024/01/Saving-Grace-Bible-Church-Lords-Day-Service.jpg,5c3420628e9d05643fff1fbaab3c3d0d65a4a0ada8aa20cd0d96ecd230c42e6b,false,true,transformed_response_identity_unverified,f7c87772393ae307326335eef8ab4da131251e4e60a454786ca3de24fdf37ca1
89f19a3bf41d949afa05802203b0916e430e31498c210ea778642a44075187cc,https://i0.wp.com/savinggrace.org.au/wp-content/uploads/2025/01/Fight-Like-A-Man.jpg?w=302&ssl=1,i0.wp.com,intentional_existing_image_cdn,https://savinggrace.org.au/wp-content/uploads/2025/01/Fight-Like-A-Man.jpg,e400ab25772316c97be01e4680359e22a4105bfd5bda5e3e9ad70692f269bc26,false,true,transformed_response_identity_unverified,f7c87772393ae307326335eef8ab4da131251e4e60a454786ca3de24fdf37ca1
8a0ef334fad72a0204205bb5aab977952dfd03f760956a4810e99783a2e6a93f,https://i0.wp.com/savinggrace.org.au/wp-content/uploads/2023/12/yiftar2fjve.jpg?w=900&ssl=1,i0.wp.com,intentional_existing_image_cdn,https://savinggrace.org.au/wp-content/uploads/2023/12/yiftar2fjve.jpg,b04d1941832243439d48f17a7b9ea55c61a1659119bf03a596248bf3e07f9688,false,true,transformed_response_identity_unverified,f7c87772393ae307326335eef8ab4da131251e4e60a454786ca3de24fdf37ca1
8bfabcac8440577229f50ecac55fa15c8b7fbeb45962efd8d85922b09d7c034c,https://i0.wp.com/www.savinggrace.org.au/wp-content/uploads/2023/12/vnlzft8kcg.jpg?resize=360%2C240&ssl=1,i0.wp.com,intentional_existing_image_cdn,https://www.savinggrace.org.au/wp-content/uploads/2023/12/vnlzft8kcg.jpg,00355c720bd4751be1bb6471f8cb2c0a978e604fe03b8a79ddf55e72c9f14a79,false,true,transformed_response_identity_unverified,f7c87772393ae307326335eef8ab4da131251e4e60a454786ca3de24fdf37ca1
8c19ea66f2a850dda7b2fba9ae8ce7a9a59a0c825ac4fcf52aa60a35c30ffbab,https://i0.wp.com/savinggrace.org.au/wp-content/uploads/2024/12/PP-Martin-Loyd-Jones.png?resize=328%2C369&ssl=1,i0.wp.com,intentional_existing_image_cdn,https://savinggrace.org.au/wp-content/uploads/2024/12/PP-Martin-Loyd-Jones.png,be55d5e954d84955ec89b5c1fafffc14d6bc3d127e8d6e4e11d4ba3200e44bec,false,true,transformed_response_identity_unverified,f7c87772393ae307326335eef8ab4da131251e4e60a454786ca3de24fdf37ca1
8c7a022709a150e666eebcc2bc6e4fcb76edaed0f680d61ed23f58cfcf94d7ee,https://i0.wp.com/savinggrace.org.au/wp-content/uploads/2023/12/y3tl-cbu-cu.jpg?resize=360%2C237&ssl=1,i0.wp.com,intentional_existing_image_cdn,https://savinggrace.org.au/wp-content/uploads/2023/12/y3tl-cbu-cu.jpg,d0502d68f9e2c7f18fbfaf4edc3c8f0d6fc8568d36d7ee3411b9d6921019d908,false,true,transformed_response_identity_unverified,f7c87772393ae307326335eef8ab4da131251e4e60a454786ca3de24fdf37ca1
8db1414f7033775fa6d02fa0ee21bdcf5180b860f7310c6884aecb5be939b0ed,https://i0.wp.com/www.savinggrace.org.au/wp-content/uploads/2023/12/mo9vkbg5csg.jpg?resize=360%2C240&ssl=1,i0.wp.com,intentional_existing_image_cdn,https://www.savinggrace.org.au/wp-content/uploads/2023/12/mo9vkbg5csg.jpg,8b5f07153e575c7fe3eb394cf95552f6eeeb9995c802218eb0f55520207dc765,false,true,transformed_response_identity_unverified,f7c87772393ae307326335eef8ab4da131251e4e60a454786ca3de24fdf37ca1
8dfccf29d0e5dda82a538c72860697f9702f3ee88bf49d755a58ba803a88b676,https://i0.wp.com/savinggrace.org.au/wp-content/uploads/2023/11/48394120_125688415044051_1958516288250707968_n.jpg?w=798&ssl=1,i0.wp.com,intentional_existing_image_cdn,https://savinggrace.org.au/wp-content/uploads/2023/11/48394120_125688415044051_1958516288250707968_n.jpg,55ca3485617cdf68e5b0a468ae074d591cd2f2a89ee0685f2c095f395d58a1e4,false,true,transformed_response_identity_unverified,f7c87772393ae307326335eef8ab4da131251e4e60a454786ca3de24fdf37ca1
8e63d63ee860e293dcd03324c2054d5710fb63b9da2baa2ce3ad749080f3f663,https://i0.wp.com/www.savinggrace.org.au/wp-content/uploads/2025/01/Blessing-of-Humility-The-Bridges-Jerry.jpg?resize=360%2C540&ssl=1,i0.wp.com,intentional_existing_image_cdn,https://www.savinggrace.org.au/wp-content/uploads/2025/01/Blessing-of-Humility-The-Bridges-Jerry.jpg,a0d20e7dbca4c13aa438b9fa344c01ce7c35e905178c242aad697e6d83fadf16,false,true,transformed_response_identity_unverified,f7c87772393ae307326335eef8ab4da131251e4e60a454786ca3de24fdf37ca1
8e70b34c9cbaa351b2728fa709a4a8c96a61dcb0f20c508631e1cd09b11d75d3,https://i0.wp.com/savinggrace.org.au/wp-content/uploads/2021/02/WesProfile.jpg?resize=288%2C300&ssl=1,i0.wp.com,intentional_existing_image_cdn,https://savinggrace.org.au/wp-content/uploads/2021/02/WesProfile.jpg,f38f2289c51831487270d8cb972c896a59951856a06c9a982c1f00a5faa98855,false,true,transformed_response_identity_unverified,f7c87772393ae307326335eef8ab4da131251e4e60a454786ca3de24fdf37ca1
8eb32ef7354cd3f62d02614c90c41905b518908a98f2a6c90607eadc6bb378c1,https://i0.wp.com/www.savinggrace.org.au/wp-content/uploads/2023/09/4k2lip0zc_k.jpg?resize=1536%2C1025&ssl=1,i0.wp.com,intentional_existing_image_cdn,https://www.savinggrace.org.au/wp-content/uploads/2023/09/4k2lip0zc_k.jpg,204b323a0402167f379372c8ea6c3cdc9789ce15755d7e4c4a208b1618e8c8a7,false,true,transformed_response_identity_unverified,f7c87772393ae307326335eef8ab4da131251e4e60a454786ca3de24fdf37ca1
8ec9b299bd8a635f650e43a9722cffdac1e06fcf85b08d3351a444d2f06efd43,https://i0.wp.com/www.savinggrace.org.au/wp-content/uploads/2023/12/y3tl-cbu-cu.jpg?resize=555%2C366&ssl=1,i0.wp.com,intentional_existing_image_cdn,https://www.savinggrace.org.au/wp-content/uploads/2023/12/y3tl-cbu-cu.jpg,d0502d68f9e2c7f18fbfaf4edc3c8f0d6fc8568d36d7ee3411b9d6921019d908,false,true,transformed_response_identity_unverified,f7c87772393ae307326335eef8ab4da131251e4e60a454786ca3de24fdf37ca1
8f10828f4ac6b08f6ef2c0c83f39cb9602ed0adf47f44f1f8d885d01d507eb0d,https://i0.wp.com/savinggrace.org.au/wp-content/uploads/2025/01/Blessing-of-Humility-The-Bridges-Jerry.jpg?w=420&ssl=1,i0.wp.com,intentional_existing_image_cdn,https://savinggrace.org.au/wp-content/uploads/2025/01/Blessing-of-Humility-The-Bridges-Jerry.jpg,a0d20e7dbca4c13aa438b9fa344c01ce7c35e905178c242aad697e6d83fadf16,false,true,transformed_response_identity_unverified,f7c87772393ae307326335eef8ab4da131251e4e60a454786ca3de24fdf37ca1
8f23d5e3d58e4746d62b61f7a712c57003fbfc9dd95333eb5c5ab0270b3c37dc,https://i0.wp.com/savinggrace.org.au/wp-content/uploads/2023/12/d9sarvjfhm.jpg?resize=1024%2C683&ssl=1,i0.wp.com,intentional_existing_image_cdn,https://savinggrace.org.au/wp-content/uploads/2023/12/d9sarvjfhm.jpg,228715269b94f395bf03a8bd7af724a695fc2d373f503e31c7987ddd3c51e9fc,false,true,transformed_response_identity_unverified,f7c87772393ae307326335eef8ab4da131251e4e60a454786ca3de24fdf37ca1
8ff82f2415e10c2bbbaeb1b8b65b711df1336cb8c3de3f946b42dd0fd029d49a,https://i0.wp.com/www.savinggrace.org.au/wp-content/uploads/2023/12/Cross-reduced-1-scaled.jpg?fit=2560%2C1707&ssl=1,i0.wp.com,intentional_existing_image_cdn,https://www.savinggrace.org.au/wp-content/uploads/2023/12/Cross-reduced-1-scaled.jpg,bd5d3471058cae05b97d2ad12efa0476254f10d9f04603c160af130b50b24960,false,true,transformed_response_identity_unverified,f7c87772393ae307326335eef8ab4da131251e4e60a454786ca3de24fdf37ca1
90cdf4c28a24e7537a0fabccc53cdf24188aab62ddbb8d047719b0ee1d3f7dc6,https://i0.wp.com/savinggrace.org.au/wp-content/uploads/2023/12/Cross-reduced-1-scaled.jpg?resize=1024%2C683&ssl=1,i0.wp.com,intentional_existing_image_cdn,https://savinggrace.org.au/wp-content/uploads/2023/12/Cross-reduced-1-scaled.jpg,bd5d3471058cae05b97d2ad12efa0476254f10d9f04603c160af130b50b24960,false,true,transformed_response_identity_unverified,f7c87772393ae307326335eef8ab4da131251e4e60a454786ca3de24fdf37ca1
91b9281a3f46387aa1454b2e5106193dfe52cb939fa6df9605d6f4fce400ff3b,https://i0.wp.com/savinggrace.org.au/wp-content/uploads/2023/11/1xwvmneiyky.jpg?resize=360%2C540&ssl=1,i0.wp.com,intentional_existing_image_cdn,https://savinggrace.org.au/wp-content/uploads/2023/11/1xwvmneiyky.jpg,058684c0516fa9f62b9850aaaffb38b7e15249c28f31786e8263d94d71fb902b,false,true,transformed_response_identity_unverified,f7c87772393ae307326335eef8ab4da131251e4e60a454786ca3de24fdf37ca1
920812c30c0aaea3ecabcfbb19f568584dd72ac584a1a450f90b598ce47ea2f0,https://i0.wp.com/www.savinggrace.org.au/wp-content/uploads/2023/11/WaterBaptism-1.png?resize=300%2C169&ssl=1,i0.wp.com,intentional_existing_image_cdn,https://www.savinggrace.org.au/wp-content/uploads/2023/11/WaterBaptism-1.png,77919e65187a573a62ce3be6a5cc0f026097cf0abae34529b0239c01fdba7752,false,true,transformed_response_identity_unverified,f7c87772393ae307326335eef8ab4da131251e4e60a454786ca3de24fdf37ca1
92205ecd41b73f6bae973d35ab44671e7549289f803ce016590cb06f42ac9c89,https://i0.wp.com/stage.savinggrace.org.au/wp-content/uploads/2023/11/1xwvmneiyky-200x300.jpg?resize=200%2C300&ssl=1,i0.wp.com,external_image_identity_unverified,,,false,false,reference_identity_and_current_response_unverified,f7c87772393ae307326335eef8ab4da131251e4e60a454786ca3de24fdf37ca1
92eed3b94030d6a4cad0ce3963486f346e652745e5ce231c506a4e601281875f,https://i0.wp.com/savinggrace.org.au/wp-content/uploads/2024/12/PP-Martin-Loyd-Jones.png?resize=262%2C399&ssl=1,i0.wp.com,intentional_existing_image_cdn,https://savinggrace.org.au/wp-content/uploads/2024/12/PP-Martin-Loyd-Jones.png,be55d5e954d84955ec89b5c1fafffc14d6bc3d127e8d6e4e11d4ba3200e44bec,false,true,transformed_response_identity_unverified,f7c87772393ae307326335eef8ab4da131251e4e60a454786ca3de24fdf37ca1
93e6cf18996e27c68fe096cde785aa8d53dc8b8296999312fd929be93652155d,https://i0.wp.com/www.savinggrace.org.au/wp-content/uploads/2024/01/Saving-Grace-Bible-Church-Lords-Day-Service.jpg?fit=1024%2C683&ssl=1,i0.wp.com,intentional_existing_image_cdn,https://www.savinggrace.org.au/wp-content/uploads/2024/01/Saving-Grace-Bible-Church-Lords-Day-Service.jpg,5c3420628e9d05643fff1fbaab3c3d0d65a4a0ada8aa20cd0d96ecd230c42e6b,false,true,transformed_response_identity_unverified,f7c87772393ae307326335eef8ab4da131251e4e60a454786ca3de24fdf37ca1
941034d505897891c0306604be765b805a07bf2dde7e0d14a541ca1c5bc8ec93,https://i0.wp.com/savinggrace.org.au/wp-content/uploads/2023/11/Wesam-Profile-Image.jpg?w=600&ssl=1,i0.wp.com,intentional_existing_image_cdn,https://savinggrace.org.au/wp-content/uploads/2023/11/Wesam-Profile-Image.jpg,9757099aae9f3e8a32b4b0b404e2f7deed24d12acc0a5d3c7c0fcb018451fcbb,false,true,transformed_response_identity_unverified,f7c87772393ae307326335eef8ab4da131251e4e60a454786ca3de24fdf37ca1
947b51b2915026dd7a1014b634fba18afe53b0437a25b17ffb16a01c4c33bcc9,https://i0.wp.com/www.savinggrace.org.au/wp-content/uploads/2023/12/Mens-Theological-Study-small-1.jpg?resize=300%2C200&ssl=1,i0.wp.com,intentional_existing_image_cdn,https://www.savinggrace.org.au/wp-content/uploads/2023/12/Mens-Theological-Study-small-1.jpg,26c74b018500649c25270a7fd4ea59e7056cd4915f641391d99395e8e6975454,false,true,transformed_response_identity_unverified,f7c87772393ae307326335eef8ab4da131251e4e60a454786ca3de24fdf37ca1
94a482c2cf2b5680a017e074f440ad41ec1d017bead6390b9404edcd86448c8e,https://i0.wp.com/savinggrace.org.au/wp-content/uploads/2021/02/Ralph.jpg?fit=290%2C300&ssl=1,i0.wp.com,intentional_existing_image_cdn,https://savinggrace.org.au/wp-content/uploads/2021/02/Ralph.jpg,b55c1facf0bfdb709ce55467e2cdbc65ad2c36ccc9fb2dcda77d93cbce3793ce,false,true,transformed_response_identity_unverified,f7c87772393ae307326335eef8ab4da131251e4e60a454786ca3de24fdf37ca1
94b1980daf1b17d0f801d9d3e1a318ca03480cf94fc95ae5fe70d4a67079c62e,https://i0.wp.com/savinggrace.org.au/wp-content/uploads/2023/12/Saving-Grace-Bible-Church-fellowship-1.jpg?resize=1140%2C641&ssl=1,i0.wp.com,intentional_existing_image_cdn,https://savinggrace.org.au/wp-content/uploads/2023/12/Saving-Grace-Bible-Church-fellowship-1.jpg,cc061318465ddea1dd011822f6da166c17d2094cabf59e5407e4e1522a233971,false,true,transformed_response_identity_unverified,f7c87772393ae307326335eef8ab4da131251e4e60a454786ca3de24fdf37ca1
963e26e8d111b777bde5e12058d464f65600cfbbce25f7b7b86c2c049e9717f1,https://i0.wp.com/savinggrace.org.au/wp-content/uploads/2025/01/Fight-Like-A-Man.jpg?resize=194%2C300&ssl=1,i0.wp.com,intentional_existing_image_cdn,https://savinggrace.org.au/wp-content/uploads/2025/01/Fight-Like-A-Man.jpg,e400ab25772316c97be01e4680359e22a4105bfd5bda5e3e9ad70692f269bc26,false,true,transformed_response_identity_unverified,f7c87772393ae307326335eef8ab4da131251e4e60a454786ca3de24fdf37ca1
9685f43590cabeae7dbda1e8fca44636b6cf94d938754b2192198888f22158c2,https://i0.wp.com/www.savinggrace.org.au/wp-content/uploads/2023/11/1xwvmneiyky.jpg?resize=262%2C393&ssl=1,i0.wp.com,intentional_existing_image_cdn,https://www.savinggrace.org.au/wp-content/uploads/2023/11/1xwvmneiyky.jpg,058684c0516fa9f62b9850aaaffb38b7e15249c28f31786e8263d94d71fb902b,false,true,transformed_response_identity_unverified,f7c87772393ae307326335eef8ab4da131251e4e60a454786ca3de24fdf37ca1
9764336e5469cfb836a88ed69634fbde21ac1720911e57b1cab4cf972e4c9d8d,https://i0.wp.com/www.savinggrace.org.au/wp-content/uploads/2023/09/4k2lip0zc_k.jpg?w=1600&ssl=1,i0.wp.com,intentional_existing_image_cdn,https://www.savinggrace.org.au/wp-content/uploads/2023/09/4k2lip0zc_k.jpg,204b323a0402167f379372c8ea6c3cdc9789ce15755d7e4c4a208b1618e8c8a7,false,true,transformed_response_identity_unverified,f7c87772393ae307326335eef8ab4da131251e4e60a454786ca3de24fdf37ca1
98926cac80103f1aa299a61ebfc97552a7504d2e4b63ad13bd43ab627e1ceb57,https://i0.wp.com/savinggrace.org.au/wp-content/uploads/2023/11/1xwvmneiyky.jpg?resize=262%2C393&ssl=1,i0.wp.com,intentional_existing_image_cdn,https://savinggrace.org.au/wp-content/uploads/2023/11/1xwvmneiyky.jpg,058684c0516fa9f62b9850aaaffb38b7e15249c28f31786e8263d94d71fb902b,false,true,transformed_response_identity_unverified,f7c87772393ae307326335eef8ab4da131251e4e60a454786ca3de24fdf37ca1
9a8681b288c593f3cc2fadf13e7d59d10805b2cfdc5cfb0135b0c6727787ddb7,https://i0.wp.com/www.savinggrace.org.au/wp-content/uploads/2023/12/Cross-reduced-1-scaled.jpg?resize=2048%2C1365&ssl=1,i0.wp.com,intentional_existing_image_cdn,https://www.savinggrace.org.au/wp-content/uploads/2023/12/Cross-reduced-1-scaled.jpg,bd5d3471058cae05b97d2ad12efa0476254f10d9f04603c160af130b50b24960,false,true,transformed_response_identity_unverified,f7c87772393ae307326335eef8ab4da131251e4e60a454786ca3de24fdf37ca1
9aa501f7f154d5b581b3447af8c1d127b02ec0a45641bb81518ae62f8294ca51,https://i0.wp.com/savinggrace.org.au/wp-content/uploads/2021/02/WesProfile.jpg?resize=768%2C799&ssl=1,i0.wp.com,intentional_existing_image_cdn,https://savinggrace.org.au/wp-content/uploads/2021/02/WesProfile.jpg,f38f2289c51831487270d8cb972c896a59951856a06c9a982c1f00a5faa98855,false,true,transformed_response_identity_unverified,f7c87772393ae307326335eef8ab4da131251e4e60a454786ca3de24fdf37ca1
9ae216a8ee3e08c9d56773cfc4164f48f006c9584942f3942caf70e318683bcf,https://i0.wp.com/www.savinggrace.org.au/wp-content/uploads/2023/12/d9sarvjfhm.jpg?resize=1024%2C683&ssl=1,i0.wp.com,intentional_existing_image_cdn,https://www.savinggrace.org.au/wp-content/uploads/2023/12/d9sarvjfhm.jpg,228715269b94f395bf03a8bd7af724a695fc2d373f503e31c7987ddd3c51e9fc,false,true,transformed_response_identity_unverified,f7c87772393ae307326335eef8ab4da131251e4e60a454786ca3de24fdf37ca1
9b58ec21593971e6b8b893c265a05c3929ddcbede41cf0c7b590c580a22095fc,https://i0.wp.com/savinggrace.org.au/wp-content/uploads/2025/08/SGBC-End-Times-Bible-Study-1.png?resize=360%2C276&ssl=1,i0.wp.com,intentional_existing_image_cdn,https://savinggrace.org.au/wp-content/uploads/2025/08/SGBC-End-Times-Bible-Study-1.png,aa1099abea012d766bd0dca21dfdec98426a510f79f574ce84c5446989e4754a,false,true,transformed_response_identity_unverified,f7c87772393ae307326335eef8ab4da131251e4e60a454786ca3de24fdf37ca1
9d66bb8bc9fa03d36ce15f684513ec47f00629cbef631a4784d218dfbc4ab594,https://i0.wp.com/savinggrace.org.au/wp-content/uploads/2021/02/Ralph.jpg?w=1200&ssl=1,i0.wp.com,intentional_existing_image_cdn,https://savinggrace.org.au/wp-content/uploads/2021/02/Ralph.jpg,b55c1facf0bfdb709ce55467e2cdbc65ad2c36ccc9fb2dcda77d93cbce3793ce,false,true,transformed_response_identity_unverified,f7c87772393ae307326335eef8ab4da131251e4e60a454786ca3de24fdf37ca1
9d882f6996735df02683987b70d3bdbeb81430778ccdbf96aa0f9504e8e12d3b,https://church-event.vamtam.com/wp-content/uploads/2014/02/header_bg3.jpg,church-event.vamtam.com,external_image_identity_unverified,,,false,false,reference_identity_and_current_response_unverified,f7c87772393ae307326335eef8ab4da131251e4e60a454786ca3de24fdf37ca1
9eca79aceb828383edb3122d9a50c676a2f63f4b4ba8f3391844a5335547837b,https://i0.wp.com/www.savinggrace.org.au/wp-content/uploads/2023/11/1xwvmneiyky.jpg?w=800&ssl=1,i0.wp.com,intentional_existing_image_cdn,https://www.savinggrace.org.au/wp-content/uploads/2023/11/1xwvmneiyky.jpg,058684c0516fa9f62b9850aaaffb38b7e15249c28f31786e8263d94d71fb902b,false,true,transformed_response_identity_unverified,f7c87772393ae307326335eef8ab4da131251e4e60a454786ca3de24fdf37ca1
9f560236b2dbbcb464b6233c13576eb8ac31a8d1c079496792c28933e1670951,https://i0.wp.com/www.savinggrace.org.au/wp-content/uploads/2025/08/SGBC-End-Times-Bible-Study-1.png?resize=360%2C360&ssl=1,i0.wp.com,intentional_existing_image_cdn,https://www.savinggrace.org.au/wp-content/uploads/2025/08/SGBC-End-Times-Bible-Study-1.png,aa1099abea012d766bd0dca21dfdec98426a510f79f574ce84c5446989e4754a,false,true,transformed_response_identity_unverified,f7c87772393ae307326335eef8ab4da131251e4e60a454786ca3de24fdf37ca1
9fb507b37dfb8236aa7ba82649e7a7eef727767289673f7fca8ba8114ee82d79,https://i0.wp.com/www.savinggrace.org.au/wp-content/uploads/2023/12/y3tl-cbu-cu.jpg?resize=300%2C198&ssl=1,i0.wp.com,intentional_existing_image_cdn,https://www.savinggrace.org.au/wp-content/uploads/2023/12/y3tl-cbu-cu.jpg,d0502d68f9e2c7f18fbfaf4edc3c8f0d6fc8568d36d7ee3411b9d6921019d908,false,true,transformed_response_identity_unverified,f7c87772393ae307326335eef8ab4da131251e4e60a454786ca3de24fdf37ca1
a083ae120f42bf74a08e177e34c8e4e804997c92b3fb3c61590496d6e9b9f9fa,https://i0.wp.com/www.savinggrace.org.au/wp-content/uploads/2023/12/Saving-Grace-Bible-Church-fellowship-1.jpg?resize=360%2C203&ssl=1,i0.wp.com,intentional_existing_image_cdn,https://www.savinggrace.org.au/wp-content/uploads/2023/12/Saving-Grace-Bible-Church-fellowship-1.jpg,cc061318465ddea1dd011822f6da166c17d2094cabf59e5407e4e1522a233971,false,true,transformed_response_identity_unverified,f7c87772393ae307326335eef8ab4da131251e4e60a454786ca3de24fdf37ca1
a0c0db397054370e3bb9dbf97877899dc4bd78bedc5e7d4560f095e25cf6c168,https://i0.wp.com/www.savinggrace.org.au/wp-content/uploads/2023/12/Saving-Grace-Bible-Church-fellowship-1-1024x576.jpg?resize=1024%2C576&ssl=1,i0.wp.com,intentional_existing_image_cdn,https://www.savinggrace.org.au/wp-content/uploads/2023/12/Saving-Grace-Bible-Church-fellowship-1-1024x576.jpg,37ef7c7fa55412280513f293349d1fdce45c01b1b9b05ae8d76c86fb8153d0f7,false,true,transformed_response_identity_unverified,f7c87772393ae307326335eef8ab4da131251e4e60a454786ca3de24fdf37ca1
a14fad043c7d35fba4e5c09183846bc1dbd620bcd500672c8c88e4b9b6912f7b,https://i0.wp.com/savinggrace.org.au/wp-content/uploads/2023/09/4k2lip0zc_k.jpg?resize=555%2C370&ssl=1,i0.wp.com,intentional_existing_image_cdn,https://savinggrace.org.au/wp-content/uploads/2023/09/4k2lip0zc_k.jpg,204b323a0402167f379372c8ea6c3cdc9789ce15755d7e4c4a208b1618e8c8a7,false,true,transformed_response_identity_unverified,f7c87772393ae307326335eef8ab4da131251e4e60a454786ca3de24fdf37ca1
a19993273b630187c6d098a814482ec96a35248ecc0b16fc2680a213bb3331a0,https://i0.wp.com/www.savinggrace.org.au/wp-content/uploads/2023/12/vnlzft8kcg.jpg?resize=1140%2C760&ssl=1,i0.wp.com,intentional_existing_image_cdn,https://www.savinggrace.org.au/wp-content/uploads/2023/12/vnlzft8kcg.jpg,00355c720bd4751be1bb6471f8cb2c0a978e604fe03b8a79ddf55e72c9f14a79,false,true,transformed_response_identity_unverified,f7c87772393ae307326335eef8ab4da131251e4e60a454786ca3de24fdf37ca1
a2bb782bb83f23c543666f0dba9b6024a6f99caab5de73caabc37c9d2e45c84a,https://i0.wp.com/www.savinggrace.org.au/wp-content/uploads/2023/11/WaterBaptism-1.png?resize=360%2C203&ssl=1,i0.wp.com,intentional_existing_image_cdn,https://www.savinggrace.org.au/wp-content/uploads/2023/11/WaterBaptism-1.png,77919e65187a573a62ce3be6a5cc0f026097cf0abae34529b0239c01fdba7752,false,true,transformed_response_identity_unverified,f7c87772393ae307326335eef8ab4da131251e4e60a454786ca3de24fdf37ca1
a3e9bd5998d066ff4ea6f8e60ab39a23ae5ed4ff1b03a66b44bc4eb1b52b6cf0,https://i0.wp.com/savinggrace.org.au/wp-content/uploads/2023/11/Wesam-Profile-Image.jpg?resize=258%2C300&ssl=1,i0.wp.com,intentional_existing_image_cdn,https://savinggrace.org.au/wp-content/uploads/2023/11/Wesam-Profile-Image.jpg,9757099aae9f3e8a32b4b0b404e2f7deed24d12acc0a5d3c7c0fcb018451fcbb,false,true,transformed_response_identity_unverified,f7c87772393ae307326335eef8ab4da131251e4e60a454786ca3de24fdf37ca1
a40c08096fdbb9e14ad7bdd72ee2d0dffde206b044da2973c7acbc339cff816d,https://i0.wp.com/www.savinggrace.org.au/wp-content/uploads/2023/11/Wesam-Profile-Image.jpg?w=600&ssl=1,i0.wp.com,intentional_existing_image_cdn,https://www.savinggrace.org.au/wp-content/uploads/2023/11/Wesam-Profile-Image.jpg,9757099aae9f3e8a32b4b0b404e2f7deed24d12acc0a5d3c7c0fcb018451fcbb,false,true,transformed_response_identity_unverified,f7c87772393ae307326335eef8ab4da131251e4e60a454786ca3de24fdf37ca1
a41b430fdc3d6a4bffe36539015844948ba1e1f7b430c70203811f884b3db40b,https://i0.wp.com/savinggrace.org.au/wp-content/uploads/2023/12/New-Project-5.jpg?resize=236%2C154&ssl=1,i0.wp.com,intentional_existing_image_cdn,https://savinggrace.org.au/wp-content/uploads/2023/12/New-Project-5.jpg,2cc95ec56a8bb8a3a86886e382ece2e4f351714d75f8808632b714082f750553,false,true,transformed_response_identity_unverified,f7c87772393ae307326335eef8ab4da131251e4e60a454786ca3de24fdf37ca1
a445f555c5a65361497f74449397c679f2d3cb535fa898a04103a61714558732,https://i0.wp.com/savinggrace.org.au/wp-content/uploads/2025/01/Fight-Like-A-Man.jpg?resize=150%2C232&ssl=1,i0.wp.com,intentional_existing_image_cdn,https://savinggrace.org.au/wp-content/uploads/2025/01/Fight-Like-A-Man.jpg,e400ab25772316c97be01e4680359e22a4105bfd5bda5e3e9ad70692f269bc26,false,true,transformed_response_identity_unverified,f7c87772393ae307326335eef8ab4da131251e4e60a454786ca3de24fdf37ca1
a4b6a2518f69c3fec643e52aa0a4a289230eca572be3f21eebd763b10c1f4334,https://i0.wp.com/www.savinggrace.org.au/wp-content/uploads/2023/12/yiftar2fjve.jpg?resize=225%2C300&ssl=1,i0.wp.com,intentional_existing_image_cdn,https://www.savinggrace.org.au/wp-content/uploads/2023/12/yiftar2fjve.jpg,b04d1941832243439d48f17a7b9ea55c61a1659119bf03a596248bf3e07f9688,false,true,transformed_response_identity_unverified,f7c87772393ae307326335eef8ab4da131251e4e60a454786ca3de24fdf37ca1
a6b4a0b772c0e58459c16113b499e02d53f913a372029e18659f99e9bc4e7d71,https://i0.wp.com/www.savinggrace.org.au/wp-content/uploads/2023/12/d9sarvjfhm.jpg?resize=262%2C175&ssl=1,i0.wp.com,intentional_existing_image_cdn,https://www.savinggrace.org.au/wp-content/uploads/2023/12/d9sarvjfhm.jpg,228715269b94f395bf03a8bd7af724a695fc2d373f503e31c7987ddd3c51e9fc,false,true,transformed_response_identity_unverified,f7c87772393ae307326335eef8ab4da131251e4e60a454786ca3de24fdf37ca1
a6bc1cf856a89a6b4c544c92661b882ecd67e047ef9725b09875eef1bc6b0dfc,https://i0.wp.com/savinggrace.org.au/wp-content/uploads/2023/12/1ngigjt7klq-300x200.jpg?resize=300%2C200&ssl=1,i0.wp.com,intentional_existing_image_cdn,https://savinggrace.org.au/wp-content/uploads/2023/12/1ngigjt7klq-300x200.jpg,0af7bb508469941aa823ec3adea6e07f40eac9a4357f294c396dd4500cb053d4,false,true,transformed_response_identity_unverified,f7c87772393ae307326335eef8ab4da131251e4e60a454786ca3de24fdf37ca1
a756a4a2438937f42abb917c46d684527e588b5c1788de4cac1058b6446804aa,https://stage.savinggrace.org.au/wp-content/uploads/2023/09/SGBC-Logo-Black-1-1.png,stage.savinggrace.org.au,broken_staging_social_logo_corrected,,,false,false,reference_identity_and_current_response_unverified,f7c87772393ae307326335eef8ab4da131251e4e60a454786ca3de24fdf37ca1
a81166f48e91ec08b37e333069f4c36242367addd8316bf3e5b067171c6476a9,https://i0.wp.com/savinggrace.org.au/wp-content/uploads/2023/09/9ibatvwnuno-300x207.jpg?resize=300%2C207&ssl=1,i0.wp.com,intentional_existing_image_cdn,https://savinggrace.org.au/wp-content/uploads/2023/09/9ibatvwnuno-300x207.jpg,c97529a663d3952c98fda4d7c086f8f37016b9487beb8d04e2580f1ef03bd0c0,false,true,transformed_response_identity_unverified,f7c87772393ae307326335eef8ab4da131251e4e60a454786ca3de24fdf37ca1
a840184d33679ce9b267ab79a3c45c815b93ccf374fb91308e6d26cf5f383132,https://i0.wp.com/savinggrace.org.au/wp-content/uploads/2023/09/9ibatvwnuno.jpg?resize=300%2C207&ssl=1,i0.wp.com,intentional_existing_image_cdn,https://savinggrace.org.au/wp-content/uploads/2023/09/9ibatvwnuno.jpg,fb790088fdf2c0f5d80990079cafff430d225e65810eee44bd583c48521ff6d1,false,true,transformed_response_identity_unverified,f7c87772393ae307326335eef8ab4da131251e4e60a454786ca3de24fdf37ca1
aa26456137bb90e4695a180f33ebb7fac5ea5bd59de1791fd0a98c5a573ac1c5,https://i0.wp.com/www.savinggrace.org.au/wp-content/uploads/2023/11/Wesam-Profile-Image.jpg?resize=360%2C419&ssl=1,i0.wp.com,intentional_existing_image_cdn,https://www.savinggrace.org.au/wp-content/uploads/2023/11/Wesam-Profile-Image.jpg,9757099aae9f3e8a32b4b0b404e2f7deed24d12acc0a5d3c7c0fcb018451fcbb,false,true,transformed_response_identity_unverified,f7c87772393ae307326335eef8ab4da131251e4e60a454786ca3de24fdf37ca1
aa9ba68f64e09136aee3170cef2d8a3e44e8618abb0990199e97591a19150af5,https://i0.wp.com/savinggrace.org.au/wp-content/uploads/2023/12/New-Project-4.jpg?resize=236%2C154&ssl=1,i0.wp.com,intentional_existing_image_cdn,https://savinggrace.org.au/wp-content/uploads/2023/12/New-Project-4.jpg,b5b46b73fc17cb2953a9168596c3d3f69c89c40a97b9a5372a929b24ba4a81be,false,true,transformed_response_identity_unverified,f7c87772393ae307326335eef8ab4da131251e4e60a454786ca3de24fdf37ca1
ab1579002c3e7016c70f42683c06bde990bfbef00ad21c5eb35b4b2905d3ce20,https://i0.wp.com/savinggrace.org.au/wp-content/uploads/2023/12/Saving-Grace-Bible-Church-fellowship-1.jpg?resize=360%2C203&ssl=1,i0.wp.com,intentional_existing_image_cdn,https://savinggrace.org.au/wp-content/uploads/2023/12/Saving-Grace-Bible-Church-fellowship-1.jpg,cc061318465ddea1dd011822f6da166c17d2094cabf59e5407e4e1522a233971,false,true,transformed_response_identity_unverified,f7c87772393ae307326335eef8ab4da131251e4e60a454786ca3de24fdf37ca1
ac426b0c02dcad7485e25e50308a45e474c34d9dd8c68438d5c1728cf1612064,https://i0.wp.com/stage.savinggrace.org.au/wp-content/uploads/2023/09/4k2lip0zc_k-300x200.jpg?resize=300%2C200&ssl=1,i0.wp.com,external_image_identity_unverified,,,false,false,reference_identity_and_current_response_unverified,f7c87772393ae307326335eef8ab4da131251e4e60a454786ca3de24fdf37ca1
ace120ccd09dd3be5b199a10ca6692ce8384d2431d46d1758e6735e29fe5076b,https://i0.wp.com/savinggrace.org.au/wp-content/uploads/2023/12/New-Project.jpg?resize=236%2C154&ssl=1,i0.wp.com,intentional_existing_image_cdn,https://savinggrace.org.au/wp-content/uploads/2023/12/New-Project.jpg,b936c8943b130f1f34c11ad452e202d35ca5c14bfff3fa6bd028a07308924c21,false,true,transformed_response_identity_unverified,f7c87772393ae307326335eef8ab4da131251e4e60a454786ca3de24fdf37ca1
ad67d8fca4fc0c66118722a0684ffc648c07b20cf57e623d8a39f54fc3ad3d44,https://i0.wp.com/savinggrace.org.au/wp-content/uploads/2023/12/Music-Ministry-SGBC.jpg?resize=360%2C180&ssl=1,i0.wp.com,intentional_existing_image_cdn,https://savinggrace.org.au/wp-content/uploads/2023/12/Music-Ministry-SGBC.jpg,e3122ac86f937878c9a041a9887b3e8f15f4ba48158d6ee45f57ff1954d31eb3,false,true,transformed_response_identity_unverified,f7c87772393ae307326335eef8ab4da131251e4e60a454786ca3de24fdf37ca1
ad9f2d94fb7ddb4b1ea98f9fb9e1270cf2e89e3c60dae57ba7a1170115bf156a,https://i0.wp.com/www.savinggrace.org.au/wp-content/uploads/2023/12/yiftar2fjve.jpg?resize=768%2C1024&ssl=1,i0.wp.com,intentional_existing_image_cdn,https://www.savinggrace.org.au/wp-content/uploads/2023/12/yiftar2fjve.jpg,b04d1941832243439d48f17a7b9ea55c61a1659119bf03a596248bf3e07f9688,false,true,transformed_response_identity_unverified,f7c87772393ae307326335eef8ab4da131251e4e60a454786ca3de24fdf37ca1
adf772f0621656e3fc11f2415ac3a762ef5d4c09752c5c4a7df225e934cfd868,https://i0.wp.com/www.savinggrace.org.au/wp-content/uploads/2025/01/Blessing-of-Humility-The-Bridges-Jerry.jpg?w=420&ssl=1,i0.wp.com,intentional_existing_image_cdn,https://www.savinggrace.org.au/wp-content/uploads/2025/01/Blessing-of-Humility-The-Bridges-Jerry.jpg,a0d20e7dbca4c13aa438b9fa344c01ce7c35e905178c242aad697e6d83fadf16,false,true,transformed_response_identity_unverified,f7c87772393ae307326335eef8ab4da131251e4e60a454786ca3de24fdf37ca1
b05b2be4b96bcf6bca3a31a279385cd0af877de7f9844a7d4844f685b692a4f5,https://i0.wp.com/www.savinggrace.org.au/wp-content/uploads/2023/11/48394120_125688415044051_1958516288250707968_n.jpg?resize=360%2C108&ssl=1,i0.wp.com,intentional_existing_image_cdn,https://www.savinggrace.org.au/wp-content/uploads/2023/11/48394120_125688415044051_1958516288250707968_n.jpg,55ca3485617cdf68e5b0a468ae074d591cd2f2a89ee0685f2c095f395d58a1e4,false,true,transformed_response_identity_unverified,f7c87772393ae307326335eef8ab4da131251e4e60a454786ca3de24fdf37ca1
b104238fdfcf56ce9b736a924ef59719d80f9db8bee37ff68e6852b2e6d1a8d2,https://i0.wp.com/savinggrace.org.au/wp-content/uploads/2023/09/pexels-photo-10874313-removebg-preview.png?resize=200%2C300&ssl=1,i0.wp.com,intentional_existing_image_cdn,https://savinggrace.org.au/wp-content/uploads/2023/09/pexels-photo-10874313-removebg-preview.png,5379239af51cf41d2f36e92b6554dd0a2600bc1a756a7e27e957cb5a5bee2feb,false,true,transformed_response_identity_unverified,f7c87772393ae307326335eef8ab4da131251e4e60a454786ca3de24fdf37ca1
b38e8c3247b24c25f78197e53c9387f679b87e4e957a9257715a31c62b7aa3f7,https://i0.wp.com/savinggrace.org.au/wp-content/uploads/2023/12/Saving-Grace-Bible-Church-fellowship-1.jpg?resize=300%2C169&ssl=1,i0.wp.com,intentional_existing_image_cdn,https://savinggrace.org.au/wp-content/uploads/2023/12/Saving-Grace-Bible-Church-fellowship-1.jpg,cc061318465ddea1dd011822f6da166c17d2094cabf59e5407e4e1522a233971,false,true,transformed_response_identity_unverified,f7c87772393ae307326335eef8ab4da131251e4e60a454786ca3de24fdf37ca1
b410be7be2fe3a3b5bebbe9924685ba79bcd1a4abbb67ea9e3b9a14244af1e2d,https://i0.wp.com/savinggrace.org.au/wp-content/uploads/2023/12/y3tl-cbu-cu.jpg?resize=555%2C366&ssl=1,i0.wp.com,intentional_existing_image_cdn,https://savinggrace.org.au/wp-content/uploads/2023/12/y3tl-cbu-cu.jpg,d0502d68f9e2c7f18fbfaf4edc3c8f0d6fc8568d36d7ee3411b9d6921019d908,false,true,transformed_response_identity_unverified,f7c87772393ae307326335eef8ab4da131251e4e60a454786ca3de24fdf37ca1
b46b7ca290744671d19da8d310884389ea1c2864aad33164d3df4821e57d5b11,https://i0.wp.com/savinggrace.org.au/wp-content/uploads/2023/12/mo9vkbg5csg.jpg?w=1600&ssl=1,i0.wp.com,intentional_existing_image_cdn,https://savinggrace.org.au/wp-content/uploads/2023/12/mo9vkbg5csg.jpg,8b5f07153e575c7fe3eb394cf95552f6eeeb9995c802218eb0f55520207dc765,false,true,transformed_response_identity_unverified,f7c87772393ae307326335eef8ab4da131251e4e60a454786ca3de24fdf37ca1
b5219526c3cd8a4e32e91dc7bf392f7684ae347fee5c0a3b05a0735742ec8123,https://i0.wp.com/www.savinggrace.org.au/wp-content/uploads/2023/12/Mens-Theological-Study-small-1.jpg?fit=300%2C200&ssl=1,i0.wp.com,intentional_existing_image_cdn,https://www.savinggrace.org.au/wp-content/uploads/2023/12/Mens-Theological-Study-small-1.jpg,26c74b018500649c25270a7fd4ea59e7056cd4915f641391d99395e8e6975454,false,true,transformed_response_identity_unverified,f7c87772393ae307326335eef8ab4da131251e4e60a454786ca3de24fdf37ca1
b55ad45cfd6d6547a412365c0f024e8081895c413afda5956438e98e21cd1231,https://i0.wp.com/www.savinggrace.org.au/wp-content/uploads/2023/11/Ralph-Profile-Image.jpg?resize=250%2C300&ssl=1,i0.wp.com,intentional_existing_image_cdn,https://www.savinggrace.org.au/wp-content/uploads/2023/11/Ralph-Profile-Image.jpg,d3bcb6421d862144be492a3451cfdcae108420d67f58317c97e6147ac5ad31ae,false,true,transformed_response_identity_unverified,f7c87772393ae307326335eef8ab4da131251e4e60a454786ca3de24fdf37ca1
b68be495687a91e88d4f49eed9c8fbf0ad0437e81fa13d7a00b059997870b562,https://i0.wp.com/savinggrace.org.au/wp-content/uploads/2025/08/SGBC-End-Times-Bible-Study-1.png?resize=555%2C426&ssl=1,i0.wp.com,intentional_existing_image_cdn,https://savinggrace.org.au/wp-content/uploads/2025/08/SGBC-End-Times-Bible-Study-1.png,aa1099abea012d766bd0dca21dfdec98426a510f79f574ce84c5446989e4754a,false,true,transformed_response_identity_unverified,f7c87772393ae307326335eef8ab4da131251e4e60a454786ca3de24fdf37ca1
b872aba0f72b8418a8ca1dbb11548089a9b8801c005f82c3a7b335d841e1f66d,https://i0.wp.com/savinggrace.org.au/wp-content/uploads/2025/01/Blessing-of-Humility-The-Bridges-Jerry-200x300.jpg?resize=200%2C300&ssl=1,i0.wp.com,intentional_existing_image_cdn,https://savinggrace.org.au/wp-content/uploads/2025/01/Blessing-of-Humility-The-Bridges-Jerry-200x300.jpg,cb5c69bdca92acadb94c4f5542d470ed5258db89df1266a90c85e7c22c890f81,false,true,transformed_response_identity_unverified,f7c87772393ae307326335eef8ab4da131251e4e60a454786ca3de24fdf37ca1
b98233640d5e20974e05a1b20b8652a6b617adfa02a9415e88f3cd1068e92590,https://i0.wp.com/savinggrace.org.au/wp-content/uploads/2023/12/Saving-Grace-Bible-Church-fellowship-1.jpg?w=1920&ssl=1,i0.wp.com,intentional_existing_image_cdn,https://savinggrace.org.au/wp-content/uploads/2023/12/Saving-Grace-Bible-Church-fellowship-1.jpg,cc061318465ddea1dd011822f6da166c17d2094cabf59e5407e4e1522a233971,false,true,transformed_response_identity_unverified,f7c87772393ae307326335eef8ab4da131251e4e60a454786ca3de24fdf37ca1
b9f01f086f8592ac132907349bcab362e37a3916cd4fb8cd1cee086007362d62,https://i0.wp.com/www.savinggrace.org.au/wp-content/uploads/2024/01/Saving-Grace-Bible-Church-Lords-Day-Service.jpg?w=1500&ssl=1,i0.wp.com,intentional_existing_image_cdn,https://www.savinggrace.org.au/wp-content/uploads/2024/01/Saving-Grace-Bible-Church-Lords-Day-Service.jpg,5c3420628e9d05643fff1fbaab3c3d0d65a4a0ada8aa20cd0d96ecd230c42e6b,false,true,transformed_response_identity_unverified,f7c87772393ae307326335eef8ab4da131251e4e60a454786ca3de24fdf37ca1
ba1414072439055b7fb800b6b0163b185d15efac7bebb6c1cdb064f6c10d2bbb,https://i0.wp.com/savinggrace.org.au/wp-content/uploads/2023/11/Wesam-Profile-Image.jpg?resize=555%2C647&ssl=1,i0.wp.com,intentional_existing_image_cdn,https://savinggrace.org.au/wp-content/uploads/2023/11/Wesam-Profile-Image.jpg,9757099aae9f3e8a32b4b0b404e2f7deed24d12acc0a5d3c7c0fcb018451fcbb,false,true,transformed_response_identity_unverified,f7c87772393ae307326335eef8ab4da131251e4e60a454786ca3de24fdf37ca1
ba68b67a04f3a000a4a92a4c48f1ed4667e6d2dc72b0f6d9dcc4bb1514434a7f,https://i0.wp.com/savinggrace.org.au/wp-content/uploads/2023/12/Music-Ministry-SGBC.jpg?fit=1024%2C512&ssl=1,i0.wp.com,intentional_existing_image_cdn,https://savinggrace.org.au/wp-content/uploads/2023/12/Music-Ministry-SGBC.jpg,e3122ac86f937878c9a041a9887b3e8f15f4ba48158d6ee45f57ff1954d31eb3,false,true,transformed_response_identity_unverified,f7c87772393ae307326335eef8ab4da131251e4e60a454786ca3de24fdf37ca1
bb5c072ff900a6066a5d483c04f438513efa468d64a041e317342cc80164584d,https://i0.wp.com/www.savinggrace.org.au/wp-content/uploads/2023/12/vnlzft8kcg.jpg?w=1600&ssl=1,i0.wp.com,intentional_existing_image_cdn,https://www.savinggrace.org.au/wp-content/uploads/2023/12/vnlzft8kcg.jpg,00355c720bd4751be1bb6471f8cb2c0a978e604fe03b8a79ddf55e72c9f14a79,false,true,transformed_response_identity_unverified,f7c87772393ae307326335eef8ab4da131251e4e60a454786ca3de24fdf37ca1
bc0cdac83c7b6215bdc3f7882bc3636c627568af573317c9fa6ed0a629df55f6,https://i0.wp.com/savinggrace.org.au/wp-content/uploads/2023/12/d9sarvjfhm.jpg?resize=1536%2C1024&ssl=1,i0.wp.com,intentional_existing_image_cdn,https://savinggrace.org.au/wp-content/uploads/2023/12/d9sarvjfhm.jpg,228715269b94f395bf03a8bd7af724a695fc2d373f503e31c7987ddd3c51e9fc,false,true,transformed_response_identity_unverified,f7c87772393ae307326335eef8ab4da131251e4e60a454786ca3de24fdf37ca1
bd28e486f113a1ded4a8a289343b78d700b8c86dcf4894f2e53f6075a71d5f94,https://stage.savinggrace.org.au/wp-content/uploads/2023/10/Bible-1.jpg,stage.savinggrace.org.au,broken_staging_social_logo_corrected,,,false,false,reference_identity_and_current_response_unverified,f7c87772393ae307326335eef8ab4da131251e4e60a454786ca3de24fdf37ca1
bd7fa80b5c3a7e0eba8e64d457f9b0f69f5d9877b8d1f33a3bcb3911ae322ff1,https://i0.wp.com/savinggrace.org.au/wp-content/uploads/2023/12/Saving-Grace-Bible-Church-fellowship-1.jpg?fit=1024%2C576&ssl=1,i0.wp.com,intentional_existing_image_cdn,https://savinggrace.org.au/wp-content/uploads/2023/12/Saving-Grace-Bible-Church-fellowship-1.jpg,cc061318465ddea1dd011822f6da166c17d2094cabf59e5407e4e1522a233971,false,true,transformed_response_identity_unverified,f7c87772393ae307326335eef8ab4da131251e4e60a454786ca3de24fdf37ca1
be53080daf9814704d91f2af59c36984c39406d26639e7fcd08853272162fba8,https://i0.wp.com/savinggrace.org.au/wp-content/uploads/2023/09/4k2lip0zc_k.jpg?resize=1140%2C760&ssl=1,i0.wp.com,intentional_existing_image_cdn,https://savinggrace.org.au/wp-content/uploads/2023/09/4k2lip0zc_k.jpg,204b323a0402167f379372c8ea6c3cdc9789ce15755d7e4c4a208b1618e8c8a7,false,true,transformed_response_identity_unverified,f7c87772393ae307326335eef8ab4da131251e4e60a454786ca3de24fdf37ca1
bf52fba3c40de1d2baf5f0d111da08f94aa8375620bd42ba9b4567342728a71f,https://i0.wp.com/www.savinggrace.org.au/wp-content/uploads/2023/12/mo9vkbg5csg.jpg?w=1600&ssl=1,i0.wp.com,intentional_existing_image_cdn,https://www.savinggrace.org.au/wp-content/uploads/2023/12/mo9vkbg5csg.jpg,8b5f07153e575c7fe3eb394cf95552f6eeeb9995c802218eb0f55520207dc765,false,true,transformed_response_identity_unverified,f7c87772393ae307326335eef8ab4da131251e4e60a454786ca3de24fdf37ca1
c06013b82701a14f0209dcbce7cdae5abde5de7f042a1bee2d6666fdafb9186d,https://i0.wp.com/www.savinggrace.org.au/wp-content/uploads/2023/12/u5e1kqw6e3m.jpg?resize=1536%2C1024&ssl=1,i0.wp.com,intentional_existing_image_cdn,https://www.savinggrace.org.au/wp-content/uploads/2023/12/u5e1kqw6e3m.jpg,2e4515927cb6e972394a097112951e9eb09ab59a205e56d40361edbc08ef2cb5,false,true,transformed_response_identity_unverified,f7c87772393ae307326335eef8ab4da131251e4e60a454786ca3de24fdf37ca1
c075265fdb2d5b4940e6b917a951c0b9bee5ae6df277e220764b97f7291dcb78,https://i0.wp.com/www.savinggrace.org.au/wp-content/uploads/2023/12/Cross-reduced-1-scaled.jpg?resize=1536%2C1024&ssl=1,i0.wp.com,intentional_existing_image_cdn,https://www.savinggrace.org.au/wp-content/uploads/2023/12/Cross-reduced-1-scaled.jpg,bd5d3471058cae05b97d2ad12efa0476254f10d9f04603c160af130b50b24960,false,true,transformed_response_identity_unverified,f7c87772393ae307326335eef8ab4da131251e4e60a454786ca3de24fdf37ca1
c0deb09dcd3ffa1a0d26da9d4872cdbee43dc0b29e3d65e70e053437fe5c6205,https://i0.wp.com/savinggrace.org.au/wp-content/uploads/2023/12/Mens-Theological-Study-small-1.jpg?resize=300%2C200&ssl=1,i0.wp.com,intentional_existing_image_cdn,https://savinggrace.org.au/wp-content/uploads/2023/12/Mens-Theological-Study-small-1.jpg,26c74b018500649c25270a7fd4ea59e7056cd4915f641391d99395e8e6975454,false,true,transformed_response_identity_unverified,f7c87772393ae307326335eef8ab4da131251e4e60a454786ca3de24fdf37ca1
c191e88d3fd9c10f7b75bc87aced4f23885b02d1020680ca0b577aad71bc2a2a,https://i0.wp.com/savinggrace.org.au/wp-content/uploads/2023/09/4k2lip0zc_k.jpg?w=1600&ssl=1,i0.wp.com,intentional_existing_image_cdn,https://savinggrace.org.au/wp-content/uploads/2023/09/4k2lip0zc_k.jpg,204b323a0402167f379372c8ea6c3cdc9789ce15755d7e4c4a208b1618e8c8a7,false,true,transformed_response_identity_unverified,f7c87772393ae307326335eef8ab4da131251e4e60a454786ca3de24fdf37ca1
c2c6e3a9e8daf941a781476cf8c4173a5dc065fe30ecf3a4258a3c51dbd99432,https://i0.wp.com/www.savinggrace.org.au/wp-content/uploads/2023/11/48394120_125688415044051_1958516288250707968_n.jpg?w=798&ssl=1,i0.wp.com,intentional_existing_image_cdn,https://www.savinggrace.org.au/wp-content/uploads/2023/11/48394120_125688415044051_1958516288250707968_n.jpg,55ca3485617cdf68e5b0a468ae074d591cd2f2a89ee0685f2c095f395d58a1e4,false,true,transformed_response_identity_unverified,f7c87772393ae307326335eef8ab4da131251e4e60a454786ca3de24fdf37ca1
c4bbbcf6a52ceeee667ae30b89c76f3fb37405cb5c81d134c2a3aacdc510f061,https://i0.wp.com/www.savinggrace.org.au/wp-content/uploads/2023/12/Cross-reduced-1-scaled.jpg?w=2560&ssl=1,i0.wp.com,intentional_existing_image_cdn,https://www.savinggrace.org.au/wp-content/uploads/2023/12/Cross-reduced-1-scaled.jpg,bd5d3471058cae05b97d2ad12efa0476254f10d9f04603c160af130b50b24960,false,true,transformed_response_identity_unverified,f7c87772393ae307326335eef8ab4da131251e4e60a454786ca3de24fdf37ca1
c5ce36c14f8809b348a120f4a6a4b86409349176152d3ebb55dfac6999b99321,https://i0.wp.com/savinggrace.org.au/wp-content/uploads/2023/12/yiftar2fjve.jpg?resize=360%2C480&ssl=1,i0.wp.com,intentional_existing_image_cdn,https://savinggrace.org.au/wp-content/uploads/2023/12/yiftar2fjve.jpg,b04d1941832243439d48f17a7b9ea55c61a1659119bf03a596248bf3e07f9688,false,true,transformed_response_identity_unverified,f7c87772393ae307326335eef8ab4da131251e4e60a454786ca3de24fdf37ca1
c662474b4d500d7e45632bad87b489ccf6fae098973d879492f8614eb8af0843,https://i0.wp.com/savinggrace.org.au/wp-content/uploads/2023/12/d9sarvjfhm.jpg?resize=300%2C200&ssl=1,i0.wp.com,intentional_existing_image_cdn,https://savinggrace.org.au/wp-content/uploads/2023/12/d9sarvjfhm.jpg,228715269b94f395bf03a8bd7af724a695fc2d373f503e31c7987ddd3c51e9fc,false,true,transformed_response_identity_unverified,f7c87772393ae307326335eef8ab4da131251e4e60a454786ca3de24fdf37ca1
c66c039341f6b3cf8487319a7eeef60178471c70b2d18a7a652bacf1efc073e3,https://i0.wp.com/savinggrace.org.au/wp-content/uploads/2023/12/d9sarvjfhm.jpg?resize=262%2C175&ssl=1,i0.wp.com,intentional_existing_image_cdn,https://savinggrace.org.au/wp-content/uploads/2023/12/d9sarvjfhm.jpg,228715269b94f395bf03a8bd7af724a695fc2d373f503e31c7987ddd3c51e9fc,false,true,transformed_response_identity_unverified,f7c87772393ae307326335eef8ab4da131251e4e60a454786ca3de24fdf37ca1
c73da8663e835bdb2efdf4c56a0fa341bb2dcfe0bd51701e883cbdd1ed639652,https://i0.wp.com/savinggrace.org.au/wp-content/uploads/2024/01/Saving-Grace-Bible-Church-Lords-Day-Service.jpg?resize=768%2C512&ssl=1,i0.wp.com,intentional_existing_image_cdn,https://savinggrace.org.au/wp-content/uploads/2024/01/Saving-Grace-Bible-Church-Lords-Day-Service.jpg,5c3420628e9d05643fff1fbaab3c3d0d65a4a0ada8aa20cd0d96ecd230c42e6b,false,true,transformed_response_identity_unverified,f7c87772393ae307326335eef8ab4da131251e4e60a454786ca3de24fdf37ca1
c7469055f70c53ee71be6c32c44b51f45e1a28692f7589a3c1879367b927e6b7,https://i0.wp.com/www.savinggrace.org.au/wp-content/uploads/2025/08/SGBC-End-Times-Bible-Study-1.png?resize=150%2C150&ssl=1,i0.wp.com,intentional_existing_image_cdn,https://www.savinggrace.org.au/wp-content/uploads/2025/08/SGBC-End-Times-Bible-Study-1.png,aa1099abea012d766bd0dca21dfdec98426a510f79f574ce84c5446989e4754a,false,true,transformed_response_identity_unverified,f7c87772393ae307326335eef8ab4da131251e4e60a454786ca3de24fdf37ca1
c76dc815c2880d40c863f648ace86f36a38fe0fe516f0b868bb85e17dd238645,https://i0.wp.com/www.savinggrace.org.au/wp-content/uploads/2023/09/4k2lip0zc_k.jpg?resize=360%2C240&ssl=1,i0.wp.com,intentional_existing_image_cdn,https://www.savinggrace.org.au/wp-content/uploads/2023/09/4k2lip0zc_k.jpg,204b323a0402167f379372c8ea6c3cdc9789ce15755d7e4c4a208b1618e8c8a7,false,true,transformed_response_identity_unverified,f7c87772393ae307326335eef8ab4da131251e4e60a454786ca3de24fdf37ca1
c76f84efd876be77317a00a57a5853a3562da67130a27d3b4523585972a75d1d,https://i0.wp.com/savinggrace.org.au/wp-content/uploads/2023/12/yiftar2fjve-225x300.jpg?resize=225%2C300&ssl=1,i0.wp.com,intentional_existing_image_cdn,https://savinggrace.org.au/wp-content/uploads/2023/12/yiftar2fjve-225x300.jpg,62f9de3a96e1465643c4867093b6eabcfffe2ac512c0ef03978f475375747af5,false,true,transformed_response_identity_unverified,f7c87772393ae307326335eef8ab4da131251e4e60a454786ca3de24fdf37ca1
c778c2607521d688696753a4d6adc67ef172a280dcf5207de5b8ac23a4431a6b,https://i0.wp.com/savinggrace.org.au/wp-content/uploads/2023/12/u5e1kqw6e3m.jpg?resize=555%2C370&ssl=1,i0.wp.com,intentional_existing_image_cdn,https://savinggrace.org.au/wp-content/uploads/2023/12/u5e1kqw6e3m.jpg,2e4515927cb6e972394a097112951e9eb09ab59a205e56d40361edbc08ef2cb5,false,true,transformed_response_identity_unverified,f7c87772393ae307326335eef8ab4da131251e4e60a454786ca3de24fdf37ca1
c7aef99e871183de26529f65a151a09460689510beef1e1e5bd4f0a1fc08e44b,https://i0.wp.com/www.savinggrace.org.au/wp-content/uploads/2023/12/Cross-reduced-1-scaled.jpg?resize=768%2C512&ssl=1,i0.wp.com,intentional_existing_image_cdn,https://www.savinggrace.org.au/wp-content/uploads/2023/12/Cross-reduced-1-scaled.jpg,bd5d3471058cae05b97d2ad12efa0476254f10d9f04603c160af130b50b24960,false,true,transformed_response_identity_unverified,f7c87772393ae307326335eef8ab4da131251e4e60a454786ca3de24fdf37ca1
c7d57362156632935ed0c9a7d9155a4fe0a359775a384e08dfedc74a6615fc97,https://i0.wp.com/www.savinggrace.org.au/wp-content/uploads/2023/11/1xwvmneiyky.jpg?resize=768%2C1152&ssl=1,i0.wp.com,intentional_existing_image_cdn,https://www.savinggrace.org.au/wp-content/uploads/2023/11/1xwvmneiyky.jpg,058684c0516fa9f62b9850aaaffb38b7e15249c28f31786e8263d94d71fb902b,false,true,transformed_response_identity_unverified,f7c87772393ae307326335eef8ab4da131251e4e60a454786ca3de24fdf37ca1
c81e4ee9867914d315b99c09fbd2d799eba74fbf1ae2ef3d424958f797ea0cdd,https://i0.wp.com/savinggrace.org.au/wp-content/uploads/2024/12/PP-Martin-Loyd-Jones.png?resize=197%2C300&ssl=1,i0.wp.com,intentional_existing_image_cdn,https://savinggrace.org.au/wp-content/uploads/2024/12/PP-Martin-Loyd-Jones.png,be55d5e954d84955ec89b5c1fafffc14d6bc3d127e8d6e4e11d4ba3200e44bec,false,true,transformed_response_identity_unverified,f7c87772393ae307326335eef8ab4da131251e4e60a454786ca3de24fdf37ca1
c88ae8e5be49ad644c0e1b071350fa0e37080233b8eff5a487a91f5801db23ce,https://i0.wp.com/www.savinggrace.org.au/wp-content/uploads/2023/09/4k2lip0zc_k.jpg?resize=555%2C370&ssl=1,i0.wp.com,intentional_existing_image_cdn,https://www.savinggrace.org.au/wp-content/uploads/2023/09/4k2lip0zc_k.jpg,204b323a0402167f379372c8ea6c3cdc9789ce15755d7e4c4a208b1618e8c8a7,false,true,transformed_response_identity_unverified,f7c87772393ae307326335eef8ab4da131251e4e60a454786ca3de24fdf37ca1
c9d1b3bfa146dc4a09c7000d03229bfc461a79dd8c866d25f87330c391a75bfd,https://i0.wp.com/savinggrace.org.au/wp-content/uploads/2023/11/48394120_125688415044051_1958516288250707968_n.jpg?resize=262%2C79&ssl=1,i0.wp.com,intentional_existing_image_cdn,https://savinggrace.org.au/wp-content/uploads/2023/11/48394120_125688415044051_1958516288250707968_n.jpg,55ca3485617cdf68e5b0a468ae074d591cd2f2a89ee0685f2c095f395d58a1e4,false,true,transformed_response_identity_unverified,f7c87772393ae307326335eef8ab4da131251e4e60a454786ca3de24fdf37ca1
c9ecf90e18a142cd31834f63fb398a6128e5b69c2d6354d371ec5c0fed4a8b55,https://i0.wp.com/www.savinggrace.org.au/wp-content/uploads/2023/12/u5e1kqw6e3m.jpg?w=1600&ssl=1,i0.wp.com,intentional_existing_image_cdn,https://www.savinggrace.org.au/wp-content/uploads/2023/12/u5e1kqw6e3m.jpg,2e4515927cb6e972394a097112951e9eb09ab59a205e56d40361edbc08ef2cb5,false,true,transformed_response_identity_unverified,f7c87772393ae307326335eef8ab4da131251e4e60a454786ca3de24fdf37ca1
ca4068403c4ec8e088e6bae282a19ea0fffe973c8d5af7322465c7773faaa13c,https://i0.wp.com/www.savinggrace.org.au/wp-content/uploads/2025/01/Fight-Like-A-Man.jpg?resize=262%2C404&ssl=1,i0.wp.com,intentional_existing_image_cdn,https://www.savinggrace.org.au/wp-content/uploads/2025/01/Fight-Like-A-Man.jpg,e400ab25772316c97be01e4680359e22a4105bfd5bda5e3e9ad70692f269bc26,false,true,transformed_response_identity_unverified,f7c87772393ae307326335eef8ab4da131251e4e60a454786ca3de24fdf37ca1
ca78ef1cf420ad4a93b521a11f65b4e767e47d49eeb7c1d8261bc4d13a1fa3b1,https://i0.wp.com/savinggrace.org.au/wp-content/uploads/2023/12/yiftar2fjve.jpg?resize=555%2C740&ssl=1,i0.wp.com,intentional_existing_image_cdn,https://savinggrace.org.au/wp-content/uploads/2023/12/yiftar2fjve.jpg,b04d1941832243439d48f17a7b9ea55c61a1659119bf03a596248bf3e07f9688,false,true,transformed_response_identity_unverified,f7c87772393ae307326335eef8ab4da131251e4e60a454786ca3de24fdf37ca1
ca7fa2d43f42f56406573f091a0bdd5c952231a4ab31330ad5710d1ee4ec7b9f,https://i0.wp.com/www.savinggrace.org.au/wp-content/uploads/2024/12/PP-Martin-Loyd-Jones.png?resize=262%2C399&ssl=1,i0.wp.com,intentional_existing_image_cdn,https://www.savinggrace.org.au/wp-content/uploads/2024/12/PP-Martin-Loyd-Jones.png,be55d5e954d84955ec89b5c1fafffc14d6bc3d127e8d6e4e11d4ba3200e44bec,false,true,transformed_response_identity_unverified,f7c87772393ae307326335eef8ab4da131251e4e60a454786ca3de24fdf37ca1
cae297a9aa37ed17ee552517ebd46df78c506761f96a5aa476e2eccf71804e88,https://i0.wp.com/savinggrace.org.au/wp-content/uploads/2023/11/Ralph-Profile-Image.jpg?resize=555%2C667&ssl=1,i0.wp.com,intentional_existing_image_cdn,https://savinggrace.org.au/wp-content/uploads/2023/11/Ralph-Profile-Image.jpg,d3bcb6421d862144be492a3451cfdcae108420d67f58317c97e6147ac5ad31ae,false,true,transformed_response_identity_unverified,f7c87772393ae307326335eef8ab4da131251e4e60a454786ca3de24fdf37ca1
cb12df3fe6689985ff95bea542d55dedf80fb08f9ebd5704fe49f1dd0c113940,https://i0.wp.com/www.savinggrace.org.au/wp-content/uploads/2023/09/4k2lip0zc_k.jpg?resize=300%2C200&ssl=1,i0.wp.com,intentional_existing_image_cdn,https://www.savinggrace.org.au/wp-content/uploads/2023/09/4k2lip0zc_k.jpg,204b323a0402167f379372c8ea6c3cdc9789ce15755d7e4c4a208b1618e8c8a7,false,true,transformed_response_identity_unverified,f7c87772393ae307326335eef8ab4da131251e4e60a454786ca3de24fdf37ca1
cb788d6e58838d9aab123f24e629b0679f8c973926b88f2d70a8656cf5707e7c,https://i0.wp.com/savinggrace.org.au/wp-content/uploads/2023/11/cropped-SGBC-Logo-new-no-flick-favicon-small-1-1.jpg?fit=32%2C32&ssl=1,i0.wp.com,intentional_existing_image_cdn,https://savinggrace.org.au/wp-content/uploads/2023/11/cropped-SGBC-Logo-new-no-flick-favicon-small-1-1.jpg,c8d73bd6bb5b523b3295f902b5cbcb22a489f73febb6525a60b0814645fe03d9,false,true,transformed_response_identity_unverified,f7c87772393ae307326335eef8ab4da131251e4e60a454786ca3de24fdf37ca1
ce0ef389430214c341197c71c5d478f0fbeb15f51a3892c9ad958e7d910d2b06,https://i0.wp.com/savinggrace.org.au/wp-content/uploads/2023/12/Music-Ministry-SGBC.jpg?resize=262%2C131&ssl=1,i0.wp.com,intentional_existing_image_cdn,https://savinggrace.org.au/wp-content/uploads/2023/12/Music-Ministry-SGBC.jpg,e3122ac86f937878c9a041a9887b3e8f15f4ba48158d6ee45f57ff1954d31eb3,false,true,transformed_response_identity_unverified,f7c87772393ae307326335eef8ab4da131251e4e60a454786ca3de24fdf37ca1
ce830919c8dc5594a282fb2f1d133229e1d78a83707dab6ea4b4af2f3b91f9c0,https://i0.wp.com/savinggrace.org.au/wp-content/uploads/2023/12/Saving-Grace-Bible-Church-fellowship-1.jpg?resize=768%2C432&ssl=1,i0.wp.com,intentional_existing_image_cdn,https://savinggrace.org.au/wp-content/uploads/2023/12/Saving-Grace-Bible-Church-fellowship-1.jpg,cc061318465ddea1dd011822f6da166c17d2094cabf59e5407e4e1522a233971,false,true,transformed_response_identity_unverified,f7c87772393ae307326335eef8ab4da131251e4e60a454786ca3de24fdf37ca1
cf2b55ad9330969f5d37d9f574417eb3aebfb4436db728b6c25569a6179a9934,https://i0.wp.com/savinggrace.org.au/wp-content/uploads/2025/08/SGBC-End-Times-Bible-Study-1.png?zoom=2&resize=480%2C369&ssl=1,i0.wp.com,intentional_existing_image_cdn,https://savinggrace.org.au/wp-content/uploads/2025/08/SGBC-End-Times-Bible-Study-1.png,aa1099abea012d766bd0dca21dfdec98426a510f79f574ce84c5446989e4754a,false,true,transformed_response_identity_unverified,f7c87772393ae307326335eef8ab4da131251e4e60a454786ca3de24fdf37ca1
cf93a7984a2626368167c8054ab051d306cee7a0925286557962a2cd1efe8089,https://i0.wp.com/www.savinggrace.org.au/wp-content/uploads/2024/06/SGBC-Teaching-and-Preaching.jpg?resize=236%2C154&ssl=1,i0.wp.com,intentional_existing_image_cdn,https://www.savinggrace.org.au/wp-content/uploads/2024/06/SGBC-Teaching-and-Preaching.jpg,b484efad71ae535101b75d17b67c2b674c54775adab1a647f786621ff533c41a,false,true,transformed_response_identity_unverified,f7c87772393ae307326335eef8ab4da131251e4e60a454786ca3de24fdf37ca1
d0f9d46b27af8c8379c5786f3db5a410d3e9b028844b457c226325b7b84c9c08,https://i0.wp.com/savinggrace.org.au/wp-content/uploads/2023/12/vnlzft8kcg.jpg?resize=768%2C512&ssl=1,i0.wp.com,intentional_existing_image_cdn,https://savinggrace.org.au/wp-content/uploads/2023/12/vnlzft8kcg.jpg,00355c720bd4751be1bb6471f8cb2c0a978e604fe03b8a79ddf55e72c9f14a79,false,true,transformed_response_identity_unverified,f7c87772393ae307326335eef8ab4da131251e4e60a454786ca3de24fdf37ca1
d10843a17f5e8c44cb6f848442fc73e731d24c2d2aa9393e080f14a57aae3296,https://i0.wp.com/www.savinggrace.org.au/wp-content/uploads/2023/12/u5e1kqw6e3m.jpg?resize=1024%2C683&ssl=1,i0.wp.com,intentional_existing_image_cdn,https://www.savinggrace.org.au/wp-content/uploads/2023/12/u5e1kqw6e3m.jpg,2e4515927cb6e972394a097112951e9eb09ab59a205e56d40361edbc08ef2cb5,false,true,transformed_response_identity_unverified,f7c87772393ae307326335eef8ab4da131251e4e60a454786ca3de24fdf37ca1
d1abff37f6a65f19c2b1ab5290396930d3d532a08d7bd271904e4ddf8c9f6e8d,https://i0.wp.com/stage.savinggrace.org.au/wp-content/uploads/2023/12/d9sarvjfhm-300x200.jpg?resize=300%2C200&ssl=1,i0.wp.com,external_image_identity_unverified,,,false,false,reference_identity_and_current_response_unverified,f7c87772393ae307326335eef8ab4da131251e4e60a454786ca3de24fdf37ca1
d3442581e4788c117c5eb3c3809ab6db3e1cbec867687ce298452b1b13242531,https://i0.wp.com/savinggrace.org.au/wp-content/uploads/2025/01/Fight-Like-A-Man-194x300.jpg?resize=150%2C232&ssl=1,i0.wp.com,intentional_existing_image_cdn,https://savinggrace.org.au/wp-content/uploads/2025/01/Fight-Like-A-Man-194x300.jpg,fa1ac8402eb190921f0d27d82771c2aac0b082a470b32d636714d1746804fa91,false,true,transformed_response_identity_unverified,f7c87772393ae307326335eef8ab4da131251e4e60a454786ca3de24fdf37ca1
d36743845e2aea8244337fd4d1ea2365e7c8b6ec27a94176178da42388129ea1,https://i0.wp.com/www.savinggrace.org.au/wp-content/uploads/2023/11/Wesam-Profile-Image.jpg?resize=555%2C647&ssl=1,i0.wp.com,intentional_existing_image_cdn,https://www.savinggrace.org.au/wp-content/uploads/2023/11/Wesam-Profile-Image.jpg,9757099aae9f3e8a32b4b0b404e2f7deed24d12acc0a5d3c7c0fcb018451fcbb,false,true,transformed_response_identity_unverified,f7c87772393ae307326335eef8ab4da131251e4e60a454786ca3de24fdf37ca1
d428233d98d7fc22e978eab6ea2ad840b561a161745e845086d5a8b2c6f1a579,https://i0.wp.com/savinggrace.org.au/wp-content/uploads/2023/11/WaterBaptism-1.png?resize=262%2C148&ssl=1,i0.wp.com,intentional_existing_image_cdn,https://savinggrace.org.au/wp-content/uploads/2023/11/WaterBaptism-1.png,77919e65187a573a62ce3be6a5cc0f026097cf0abae34529b0239c01fdba7752,false,true,transformed_response_identity_unverified,f7c87772393ae307326335eef8ab4da131251e4e60a454786ca3de24fdf37ca1
d4295f1bf5d89369c66d79007ade3d0fdf71e772f386aa829c6dfe509eb4d50d,https://i0.wp.com/www.savinggrace.org.au/wp-content/uploads/2023/12/Music-Ministry-SGBC.jpg?w=1500&ssl=1,i0.wp.com,intentional_existing_image_cdn,https://www.savinggrace.org.au/wp-content/uploads/2023/12/Music-Ministry-SGBC.jpg,e3122ac86f937878c9a041a9887b3e8f15f4ba48158d6ee45f57ff1954d31eb3,false,true,transformed_response_identity_unverified,f7c87772393ae307326335eef8ab4da131251e4e60a454786ca3de24fdf37ca1
d6331c541506fc4bbefe0cc6254460ed203a3a30964d0d1eb1b4d47c1ccaac19,https://i0.wp.com/www.savinggrace.org.au/wp-content/uploads/2024/01/Saving-Grace-Bible-Church-Lords-Day-Service.jpg?resize=262%2C175&ssl=1,i0.wp.com,intentional_existing_image_cdn,https://www.savinggrace.org.au/wp-content/uploads/2024/01/Saving-Grace-Bible-Church-Lords-Day-Service.jpg,5c3420628e9d05643fff1fbaab3c3d0d65a4a0ada8aa20cd0d96ecd230c42e6b,false,true,transformed_response_identity_unverified,f7c87772393ae307326335eef8ab4da131251e4e60a454786ca3de24fdf37ca1
d6619792be894e192ab72aaadfbd70624290cba8f83b855d167b014921766ee0,https://i0.wp.com/www.savinggrace.org.au/wp-content/uploads/2023/12/mo9vkbg5csg.jpg?resize=262%2C175&ssl=1,i0.wp.com,intentional_existing_image_cdn,https://www.savinggrace.org.au/wp-content/uploads/2023/12/mo9vkbg5csg.jpg,8b5f07153e575c7fe3eb394cf95552f6eeeb9995c802218eb0f55520207dc765,false,true,transformed_response_identity_unverified,f7c87772393ae307326335eef8ab4da131251e4e60a454786ca3de24fdf37ca1
d7ffd0e6a1d05eb224d015be7a918c853d46d22187f65cf2d427b190d29fb8d4,https://i0.wp.com/www.savinggrace.org.au/wp-content/uploads/2023/12/vnlzft8kcg.jpg?resize=555%2C370&ssl=1,i0.wp.com,intentional_existing_image_cdn,https://www.savinggrace.org.au/wp-content/uploads/2023/12/vnlzft8kcg.jpg,00355c720bd4751be1bb6471f8cb2c0a978e604fe03b8a79ddf55e72c9f14a79,false,true,transformed_response_identity_unverified,f7c87772393ae307326335eef8ab4da131251e4e60a454786ca3de24fdf37ca1
d8e0672b80174c8a85b4b549ae31fb1647fb83bbb859fbe33e6cd4518da80baa,https://i0.wp.com/www.savinggrace.org.au/wp-content/uploads/2025/08/SGBC-End-Times-Bible-Study-1.png?resize=555%2C426&ssl=1,i0.wp.com,intentional_existing_image_cdn,https://www.savinggrace.org.au/wp-content/uploads/2025/08/SGBC-End-Times-Bible-Study-1.png,aa1099abea012d766bd0dca21dfdec98426a510f79f574ce84c5446989e4754a,false,true,transformed_response_identity_unverified,f7c87772393ae307326335eef8ab4da131251e4e60a454786ca3de24fdf37ca1
daa510626adff1a9ba43a605ab87132ac13419cd7a71be9e265d6ce60d43ea28,https://i0.wp.com/www.savinggrace.org.au/wp-content/uploads/2023/11/Wesam-Profile-Image.jpg?fit=600%2C699&ssl=1,i0.wp.com,intentional_existing_image_cdn,https://www.savinggrace.org.au/wp-content/uploads/2023/11/Wesam-Profile-Image.jpg,9757099aae9f3e8a32b4b0b404e2f7deed24d12acc0a5d3c7c0fcb018451fcbb,false,true,transformed_response_identity_unverified,f7c87772393ae307326335eef8ab4da131251e4e60a454786ca3de24fdf37ca1
db4b7de412c5f82c1202a304fb000a770e6b5e7e0e791ffef145e09445683355,https://i0.wp.com/savinggrace.org.au/wp-content/uploads/2023/12/yiftar2fjve.jpg?resize=262%2C349&ssl=1,i0.wp.com,intentional_existing_image_cdn,https://savinggrace.org.au/wp-content/uploads/2023/12/yiftar2fjve.jpg,b04d1941832243439d48f17a7b9ea55c61a1659119bf03a596248bf3e07f9688,false,true,transformed_response_identity_unverified,f7c87772393ae307326335eef8ab4da131251e4e60a454786ca3de24fdf37ca1
dbf86512b8c4bcf6b19f930513b20a84831c9dab8ca980312ab57075bb20511b,https://i0.wp.com/www.savinggrace.org.au/wp-content/uploads/2023/12/y3tl-cbu-cu.jpg?resize=1536%2C1012&ssl=1,i0.wp.com,intentional_existing_image_cdn,https://www.savinggrace.org.au/wp-content/uploads/2023/12/y3tl-cbu-cu.jpg,d0502d68f9e2c7f18fbfaf4edc3c8f0d6fc8568d36d7ee3411b9d6921019d908,false,true,transformed_response_identity_unverified,f7c87772393ae307326335eef8ab4da131251e4e60a454786ca3de24fdf37ca1
dc3fd32bba246ce465ea2da395ff67340f1139a18cc558486455d630bc17bc8b,https://i0.wp.com/savinggrace.org.au/wp-content/uploads/2023/12/d9sarvjfhm.jpg?resize=1140%2C760&ssl=1,i0.wp.com,intentional_existing_image_cdn,https://savinggrace.org.au/wp-content/uploads/2023/12/d9sarvjfhm.jpg,228715269b94f395bf03a8bd7af724a695fc2d373f503e31c7987ddd3c51e9fc,false,true,transformed_response_identity_unverified,f7c87772393ae307326335eef8ab4da131251e4e60a454786ca3de24fdf37ca1
dcb6e149333e4c1e899e1ac465d1e8b395885954ceeb5a52fb743f26f84e7627,https://i0.wp.com/www.savinggrace.org.au/wp-content/uploads/2023/12/yiftar2fjve.jpg?resize=262%2C349&ssl=1,i0.wp.com,intentional_existing_image_cdn,https://www.savinggrace.org.au/wp-content/uploads/2023/12/yiftar2fjve.jpg,b04d1941832243439d48f17a7b9ea55c61a1659119bf03a596248bf3e07f9688,false,true,transformed_response_identity_unverified,f7c87772393ae307326335eef8ab4da131251e4e60a454786ca3de24fdf37ca1
dd04e81b1f5f50b8f7cc129b648af39b53d39c5e93407edcc1badf8b2ed3e83f,https://i0.wp.com/savinggrace.org.au/wp-content/uploads/2023/12/d9sarvjfhm.jpg?resize=360%2C240&ssl=1,i0.wp.com,intentional_existing_image_cdn,https://savinggrace.org.au/wp-content/uploads/2023/12/d9sarvjfhm.jpg,228715269b94f395bf03a8bd7af724a695fc2d373f503e31c7987ddd3c51e9fc,false,true,transformed_response_identity_unverified,f7c87772393ae307326335eef8ab4da131251e4e60a454786ca3de24fdf37ca1
dd4e200eaca9900f32dbb0b6388484e87322321baa863488943b64b1233bde38,https://i0.wp.com/www.savinggrace.org.au/wp-content/uploads/2023/11/Ralph-Profile-Image.jpg?fit=250%2C300&ssl=1,i0.wp.com,intentional_existing_image_cdn,https://www.savinggrace.org.au/wp-content/uploads/2023/11/Ralph-Profile-Image.jpg,d3bcb6421d862144be492a3451cfdcae108420d67f58317c97e6147ac5ad31ae,false,true,transformed_response_identity_unverified,f7c87772393ae307326335eef8ab4da131251e4e60a454786ca3de24fdf37ca1
dd805d746db51bbb0730589dbd59feaa8a80343b800d18fa85c24f7713782b28,https://i0.wp.com/www.savinggrace.org.au/wp-content/uploads/2023/11/48394120_125688415044051_1958516288250707968_n.jpg?resize=262%2C79&ssl=1,i0.wp.com,intentional_existing_image_cdn,https://www.savinggrace.org.au/wp-content/uploads/2023/11/48394120_125688415044051_1958516288250707968_n.jpg,55ca3485617cdf68e5b0a468ae074d591cd2f2a89ee0685f2c095f395d58a1e4,false,true,transformed_response_identity_unverified,f7c87772393ae307326335eef8ab4da131251e4e60a454786ca3de24fdf37ca1
de2908fdfb2973007425c41f6538b57397b7939500aa924078709858cacf40fe,https://i0.wp.com/savinggrace.org.au/wp-content/uploads/2021/02/WesProfile.jpg?fit=288%2C300&ssl=1,i0.wp.com,intentional_existing_image_cdn,https://savinggrace.org.au/wp-content/uploads/2021/02/WesProfile.jpg,f38f2289c51831487270d8cb972c896a59951856a06c9a982c1f00a5faa98855,false,true,transformed_response_identity_unverified,f7c87772393ae307326335eef8ab4da131251e4e60a454786ca3de24fdf37ca1
deb8e85ea8b0c8b3f56484656f1b704dd1543f3834fefdb224eef6bdba715c4b,https://i0.wp.com/www.savinggrace.org.au/wp-content/uploads/2025/08/SGBC-End-Times-Bible-Study-1.png?resize=262%2C262&ssl=1,i0.wp.com,intentional_existing_image_cdn,https://www.savinggrace.org.au/wp-content/uploads/2025/08/SGBC-End-Times-Bible-Study-1.png,aa1099abea012d766bd0dca21dfdec98426a510f79f574ce84c5446989e4754a,false,true,transformed_response_identity_unverified,f7c87772393ae307326335eef8ab4da131251e4e60a454786ca3de24fdf37ca1
df1ea7979aabfbc1e8cc3499dd5382f62de0612dd4660775fce11b18dd99bf6c,https://i0.wp.com/savinggrace.org.au/wp-content/uploads/2023/12/Music-Ministry-SGBC.jpg?resize=555%2C278&ssl=1,i0.wp.com,intentional_existing_image_cdn,https://savinggrace.org.au/wp-content/uploads/2023/12/Music-Ministry-SGBC.jpg,e3122ac86f937878c9a041a9887b3e8f15f4ba48158d6ee45f57ff1954d31eb3,false,true,transformed_response_identity_unverified,f7c87772393ae307326335eef8ab4da131251e4e60a454786ca3de24fdf37ca1
e006edb95204b7129c6885c3363fdf7ee9f59f467227af856df397e39bc0afba,https://i0.wp.com/www.savinggrace.org.au/wp-content/uploads/2023/11/1xwvmneiyky.jpg?resize=360%2C540&ssl=1,i0.wp.com,intentional_existing_image_cdn,https://www.savinggrace.org.au/wp-content/uploads/2023/11/1xwvmneiyky.jpg,058684c0516fa9f62b9850aaaffb38b7e15249c28f31786e8263d94d71fb902b,false,true,transformed_response_identity_unverified,f7c87772393ae307326335eef8ab4da131251e4e60a454786ca3de24fdf37ca1
e0bb45c7251044d0954fda94ea416a29b7194415bcddbd56f2e2e556b66dfa1b,https://i0.wp.com/www.savinggrace.org.au/wp-content/uploads/2023/12/vnlzft8kcg.jpg?resize=262%2C175&ssl=1,i0.wp.com,intentional_existing_image_cdn,https://www.savinggrace.org.au/wp-content/uploads/2023/12/vnlzft8kcg.jpg,00355c720bd4751be1bb6471f8cb2c0a978e604fe03b8a79ddf55e72c9f14a79,false,true,transformed_response_identity_unverified,f7c87772393ae307326335eef8ab4da131251e4e60a454786ca3de24fdf37ca1
e0cc5d13ef50862ded206e68a761ffa10e7be220e4746d1252a752903c47c289,https://i0.wp.com/savinggrace.org.au/wp-content/uploads/2023/12/Mens-Theological-Study-small-1.jpg?w=300&ssl=1,i0.wp.com,intentional_existing_image_cdn,https://savinggrace.org.au/wp-content/uploads/2023/12/Mens-Theological-Study-small-1.jpg,26c74b018500649c25270a7fd4ea59e7056cd4915f641391d99395e8e6975454,false,true,transformed_response_identity_unverified,f7c87772393ae307326335eef8ab4da131251e4e60a454786ca3de24fdf37ca1
e153de30a269950f3792e5e80e3d25376eb84196a85ec17088eced6d76877cab,https://i0.wp.com/savinggrace.org.au/wp-content/uploads/2023/12/vnlzft8kcg.jpg?resize=360%2C240&ssl=1,i0.wp.com,intentional_existing_image_cdn,https://savinggrace.org.au/wp-content/uploads/2023/12/vnlzft8kcg.jpg,00355c720bd4751be1bb6471f8cb2c0a978e604fe03b8a79ddf55e72c9f14a79,false,true,transformed_response_identity_unverified,f7c87772393ae307326335eef8ab4da131251e4e60a454786ca3de24fdf37ca1
e1619560b7460c16d427a158fcf9c772d3f0b109bd66fc6ec4532e775383e35e,https://i0.wp.com/savinggrace.org.au/wp-content/uploads/2023/12/Music-Ministry-SGBC.jpg?resize=1024%2C512&ssl=1,i0.wp.com,intentional_existing_image_cdn,https://savinggrace.org.au/wp-content/uploads/2023/12/Music-Ministry-SGBC.jpg,e3122ac86f937878c9a041a9887b3e8f15f4ba48158d6ee45f57ff1954d31eb3,false,true,transformed_response_identity_unverified,f7c87772393ae307326335eef8ab4da131251e4e60a454786ca3de24fdf37ca1
e1c41bdac859bc1e7ba95c9016accd60521192fd6afae6daed3b68b91b2339a2,https://i0.wp.com/www.savinggrace.org.au/wp-content/uploads/2025/08/SGBC-End-Times-Bible-Study-1.png?resize=768%2C768&ssl=1,i0.wp.com,intentional_existing_image_cdn,https://www.savinggrace.org.au/wp-content/uploads/2025/08/SGBC-End-Times-Bible-Study-1.png,aa1099abea012d766bd0dca21dfdec98426a510f79f574ce84c5446989e4754a,false,true,transformed_response_identity_unverified,f7c87772393ae307326335eef8ab4da131251e4e60a454786ca3de24fdf37ca1
e1d283d28545dc5efb2aac45a5b55238028081b2c098056a251c468873b9fec1,https://i0.wp.com/savinggrace.org.au/wp-content/uploads/2021/02/WesProfile.jpg?w=1200&ssl=1,i0.wp.com,intentional_existing_image_cdn,https://savinggrace.org.au/wp-content/uploads/2021/02/WesProfile.jpg,f38f2289c51831487270d8cb972c896a59951856a06c9a982c1f00a5faa98855,false,true,transformed_response_identity_unverified,f7c87772393ae307326335eef8ab4da131251e4e60a454786ca3de24fdf37ca1
e2dc17c29404c4a33aee90997828510ac4187d7823c77aa87e876d1a2340c722,https://i0.wp.com/www.savinggrace.org.au/wp-content/uploads/2021/02/WesProfile.jpg?resize=600%2C625&ssl=1,i0.wp.com,intentional_existing_image_cdn,https://www.savinggrace.org.au/wp-content/uploads/2021/02/WesProfile.jpg,f38f2289c51831487270d8cb972c896a59951856a06c9a982c1f00a5faa98855,false,true,transformed_response_identity_unverified,f7c87772393ae307326335eef8ab4da131251e4e60a454786ca3de24fdf37ca1
e2eb8445d186e2b0225b27b546bea07623c821b0e1ee5a319955cf1ef712a3ff,https://i0.wp.com/www.savinggrace.org.au/wp-content/uploads/2023/12/Saving-Grace-Bible-Church-fellowship-1.jpg?resize=1024%2C576&ssl=1,i0.wp.com,intentional_existing_image_cdn,https://www.savinggrace.org.au/wp-content/uploads/2023/12/Saving-Grace-Bible-Church-fellowship-1.jpg,cc061318465ddea1dd011822f6da166c17d2094cabf59e5407e4e1522a233971,false,true,transformed_response_identity_unverified,f7c87772393ae307326335eef8ab4da131251e4e60a454786ca3de24fdf37ca1
e3abd196dab65b0638380d43f94e676ae4414032949182377184a526f58f9f8a,https://i0.wp.com/stage.savinggrace.org.au/wp-content/uploads/2023/11/WaterBaptism-1-300x169.png?resize=300%2C169&ssl=1,i0.wp.com,external_image_identity_unverified,,,false,false,reference_identity_and_current_response_unverified,f7c87772393ae307326335eef8ab4da131251e4e60a454786ca3de24fdf37ca1
e3dad4f243f8e2ba0d1879d1b2015f0976d13d4dbe0daa0a1615505eca5be7d1,https://i0.wp.com/www.savinggrace.org.au/wp-content/uploads/2024/01/Saving-Grace-Bible-Church-Lords-Day-Service.jpg?resize=360%2C240&ssl=1,i0.wp.com,intentional_existing_image_cdn,https://www.savinggrace.org.au/wp-content/uploads/2024/01/Saving-Grace-Bible-Church-Lords-Day-Service.jpg,5c3420628e9d05643fff1fbaab3c3d0d65a4a0ada8aa20cd0d96ecd230c42e6b,false,true,transformed_response_identity_unverified,f7c87772393ae307326335eef8ab4da131251e4e60a454786ca3de24fdf37ca1
e40060e65b5e4d1a80de58b41f3f09aaea1c0f0b48d454c4d0f188cb861a47be,https://i0.wp.com/savinggrace.org.au/wp-content/uploads/2023/11/Ralph-Profile-Image.jpg?resize=360%2C433&ssl=1,i0.wp.com,intentional_existing_image_cdn,https://savinggrace.org.au/wp-content/uploads/2023/11/Ralph-Profile-Image.jpg,d3bcb6421d862144be492a3451cfdcae108420d67f58317c97e6147ac5ad31ae,false,true,transformed_response_identity_unverified,f7c87772393ae307326335eef8ab4da131251e4e60a454786ca3de24fdf37ca1
e5574947bfb9a25069952de6f8d21a43363f949b9ccb8183aa5c9fdabca91f0a,https://i0.wp.com/www.savinggrace.org.au/wp-content/uploads/2021/02/Ralph.jpg?w=1200&ssl=1,i0.wp.com,intentional_existing_image_cdn,https://www.savinggrace.org.au/wp-content/uploads/2021/02/Ralph.jpg,b55c1facf0bfdb709ce55467e2cdbc65ad2c36ccc9fb2dcda77d93cbce3793ce,false,true,transformed_response_identity_unverified,f7c87772393ae307326335eef8ab4da131251e4e60a454786ca3de24fdf37ca1
e6362c3b57aefcf726597bdec443c5a085f445a8dc04aa513860bdc22385307c,https://i0.wp.com/savinggrace.org.au/wp-content/uploads/2025/08/SGBC-End-Times-Bible-Study-1.png?resize=150%2C150&ssl=1,i0.wp.com,intentional_existing_image_cdn,https://savinggrace.org.au/wp-content/uploads/2025/08/SGBC-End-Times-Bible-Study-1.png,aa1099abea012d766bd0dca21dfdec98426a510f79f574ce84c5446989e4754a,false,true,transformed_response_identity_unverified,f7c87772393ae307326335eef8ab4da131251e4e60a454786ca3de24fdf37ca1
e6af50615e10459a077a2d51e9b83c1b22a9b443440aead21d47d311fbef8d3e,https://i0.wp.com/savinggrace.org.au/wp-content/uploads/2023/12/Cross-reduced-1-scaled.jpg?resize=1536%2C1024&ssl=1,i0.wp.com,intentional_existing_image_cdn,https://savinggrace.org.au/wp-content/uploads/2023/12/Cross-reduced-1-scaled.jpg,bd5d3471058cae05b97d2ad12efa0476254f10d9f04603c160af130b50b24960,false,true,transformed_response_identity_unverified,f7c87772393ae307326335eef8ab4da131251e4e60a454786ca3de24fdf37ca1
e722a39ae9257ba615bf6a651d1b255ef79419fc790040a584a276325c275077,https://i0.wp.com/savinggrace.org.au/wp-content/uploads/2025/08/SGBC-End-Times-Bible-Study-1.png?resize=43%2C43&ssl=1,i0.wp.com,intentional_existing_image_cdn,https://savinggrace.org.au/wp-content/uploads/2025/08/SGBC-End-Times-Bible-Study-1.png,aa1099abea012d766bd0dca21dfdec98426a510f79f574ce84c5446989e4754a,false,true,transformed_response_identity_unverified,f7c87772393ae307326335eef8ab4da131251e4e60a454786ca3de24fdf37ca1
e9c07764ee9a34597b476e8dc8c305a7f9c8bfe9eae4cbed6c8ea8f6fcc3c289,https://i0.wp.com/www.savinggrace.org.au/wp-content/uploads/2023/12/d9sarvjfhm.jpg?resize=360%2C240&ssl=1,i0.wp.com,intentional_existing_image_cdn,https://www.savinggrace.org.au/wp-content/uploads/2023/12/d9sarvjfhm.jpg,228715269b94f395bf03a8bd7af724a695fc2d373f503e31c7987ddd3c51e9fc,false,true,transformed_response_identity_unverified,f7c87772393ae307326335eef8ab4da131251e4e60a454786ca3de24fdf37ca1
e9c6d574c78490296789011994f8c13903ab3ac570d4ea12659f5f8b8a915972,https://i0.wp.com/www.savinggrace.org.au/wp-content/uploads/2023/12/Music-Ministry-SGBC.jpg?resize=262%2C131&ssl=1,i0.wp.com,intentional_existing_image_cdn,https://www.savinggrace.org.au/wp-content/uploads/2023/12/Music-Ministry-SGBC.jpg,e3122ac86f937878c9a041a9887b3e8f15f4ba48158d6ee45f57ff1954d31eb3,false,true,transformed_response_identity_unverified,f7c87772393ae307326335eef8ab4da131251e4e60a454786ca3de24fdf37ca1
ea1e4f67254341d8a39ff9a83c9d225d5bb6ef62c573f792bfb65c518522421a,https://i0.wp.com/savinggrace.org.au/wp-content/uploads/2023/12/y3tl-cbu-cu.jpg?w=1600&ssl=1,i0.wp.com,intentional_existing_image_cdn,https://savinggrace.org.au/wp-content/uploads/2023/12/y3tl-cbu-cu.jpg,d0502d68f9e2c7f18fbfaf4edc3c8f0d6fc8568d36d7ee3411b9d6921019d908,false,true,transformed_response_identity_unverified,f7c87772393ae307326335eef8ab4da131251e4e60a454786ca3de24fdf37ca1
ea9a4d1769580f798be30d7496556133bf784073d5f43d5dd80e66fdad752dd8,https://i0.wp.com/savinggrace.org.au/wp-content/uploads/2023/12/Music-Ministry-SGBC.jpg?resize=1140%2C570&ssl=1,i0.wp.com,intentional_existing_image_cdn,https://savinggrace.org.au/wp-content/uploads/2023/12/Music-Ministry-SGBC.jpg,e3122ac86f937878c9a041a9887b3e8f15f4ba48158d6ee45f57ff1954d31eb3,false,true,transformed_response_identity_unverified,f7c87772393ae307326335eef8ab4da131251e4e60a454786ca3de24fdf37ca1
eb8f30ffc204d30a00b90c13647f41b0c296c5e8d96a941c03181b76adf13d41,https://i0.wp.com/savinggrace.org.au/wp-content/uploads/2023/11/48394120_125688415044051_1958516288250707968_n.jpg?resize=555%2C167&ssl=1,i0.wp.com,intentional_existing_image_cdn,https://savinggrace.org.au/wp-content/uploads/2023/11/48394120_125688415044051_1958516288250707968_n.jpg,55ca3485617cdf68e5b0a468ae074d591cd2f2a89ee0685f2c095f395d58a1e4,false,true,transformed_response_identity_unverified,f7c87772393ae307326335eef8ab4da131251e4e60a454786ca3de24fdf37ca1
ecbf214dbf4497eea0e7788cdefa7c847008569350c4f16148a31070ce830499,https://i0.wp.com/www.savinggrace.org.au/wp-content/uploads/2023/12/y3tl-cbu-cu.jpg?resize=1024%2C675&ssl=1,i0.wp.com,intentional_existing_image_cdn,https://www.savinggrace.org.au/wp-content/uploads/2023/12/y3tl-cbu-cu.jpg,d0502d68f9e2c7f18fbfaf4edc3c8f0d6fc8568d36d7ee3411b9d6921019d908,false,true,transformed_response_identity_unverified,f7c87772393ae307326335eef8ab4da131251e4e60a454786ca3de24fdf37ca1
ee903a67902ebc888ebc731ecb27027a377f755dac6f593deea49333127d9a79,https://i0.wp.com/www.savinggrace.org.au/wp-content/uploads/2025/08/SGBC-End-Times-Bible-Study-1.png?resize=360%2C276&ssl=1,i0.wp.com,intentional_existing_image_cdn,https://www.savinggrace.org.au/wp-content/uploads/2025/08/SGBC-End-Times-Bible-Study-1.png,aa1099abea012d766bd0dca21dfdec98426a510f79f574ce84c5446989e4754a,false,true,transformed_response_identity_unverified,f7c87772393ae307326335eef8ab4da131251e4e60a454786ca3de24fdf37ca1
eee8f38b46064d5e0367af8e49eca6e21decd4f50bd8a86ff7e81e13210ba0f3,https://i0.wp.com/savinggrace.org.au/wp-content/uploads/2025/08/Bible-Study-Invitation-by-Candlelight.png?resize=300%2C200&ssl=1,i0.wp.com,intentional_existing_image_cdn,https://savinggrace.org.au/wp-content/uploads/2025/08/Bible-Study-Invitation-by-Candlelight.png,5e2f540e5f3346152321cd205c14a23937810cb4f62c9bf38d44c248e89187c6,false,true,transformed_response_identity_unverified,f7c87772393ae307326335eef8ab4da131251e4e60a454786ca3de24fdf37ca1
ef40b6b4d8eb31759042aa806e36d919f4b8ed5e0cc9c3dfb6558a4ab3b2d0ed,https://i0.wp.com/www.savinggrace.org.au/wp-content/uploads/2023/12/Cross-reduced-1-scaled.jpg?resize=360%2C240&ssl=1,i0.wp.com,intentional_existing_image_cdn,https://www.savinggrace.org.au/wp-content/uploads/2023/12/Cross-reduced-1-scaled.jpg,bd5d3471058cae05b97d2ad12efa0476254f10d9f04603c160af130b50b24960,false,true,transformed_response_identity_unverified,f7c87772393ae307326335eef8ab4da131251e4e60a454786ca3de24fdf37ca1
ef60798c2f7201159bdaa750cbdbd5277bb9a73c8e563b2e16d669292a7517e2,https://i0.wp.com/savinggrace.org.au/wp-content/uploads/2025/01/Blessing-of-Humility-The-Bridges-Jerry.jpg?resize=200%2C300&ssl=1,i0.wp.com,intentional_existing_image_cdn,https://savinggrace.org.au/wp-content/uploads/2025/01/Blessing-of-Humility-The-Bridges-Jerry.jpg,a0d20e7dbca4c13aa438b9fa344c01ce7c35e905178c242aad697e6d83fadf16,false,true,transformed_response_identity_unverified,f7c87772393ae307326335eef8ab4da131251e4e60a454786ca3de24fdf37ca1
efea890b54ed8fc2dd6f2b557f0d91cdd1b2cb3c87c8264e3aeb9266baf8b232,https://i0.wp.com/savinggrace.org.au/wp-content/uploads/2023/12/mo9vkbg5csg.jpg?resize=262%2C175&ssl=1,i0.wp.com,intentional_existing_image_cdn,https://savinggrace.org.au/wp-content/uploads/2023/12/mo9vkbg5csg.jpg,8b5f07153e575c7fe3eb394cf95552f6eeeb9995c802218eb0f55520207dc765,false,true,transformed_response_identity_unverified,f7c87772393ae307326335eef8ab4da131251e4e60a454786ca3de24fdf37ca1
f003bec222130e77fbaf5f24386ef4052f86eddb45f8c4b6482f1ff622e71329,https://i0.wp.com/savinggrace.org.au/wp-content/uploads/2023/12/Cross-reduced-1-scaled.jpg?resize=300%2C200&ssl=1,i0.wp.com,intentional_existing_image_cdn,https://savinggrace.org.au/wp-content/uploads/2023/12/Cross-reduced-1-scaled.jpg,bd5d3471058cae05b97d2ad12efa0476254f10d9f04603c160af130b50b24960,false,true,transformed_response_identity_unverified,f7c87772393ae307326335eef8ab4da131251e4e60a454786ca3de24fdf37ca1
f12526c941839e6057a7a02f1aaf50feefa08c3168523f71ceaede6481c77e58,https://i0.wp.com/savinggrace.org.au/wp-content/uploads/2023/12/vnlzft8kcg.jpg?resize=1536%2C1024&ssl=1,i0.wp.com,intentional_existing_image_cdn,https://savinggrace.org.au/wp-content/uploads/2023/12/vnlzft8kcg.jpg,00355c720bd4751be1bb6471f8cb2c0a978e604fe03b8a79ddf55e72c9f14a79,false,true,transformed_response_identity_unverified,f7c87772393ae307326335eef8ab4da131251e4e60a454786ca3de24fdf37ca1
f264ed536a21a4cd121c3807c4dc77e81c38baafff5bcb7a3691d78cf1924518,https://i0.wp.com/savinggrace.org.au/wp-content/uploads/2023/11/cropped-SGBC-Logo-new-no-flick-favicon-small-1-1.jpg?fit=180%2C180&ssl=1,i0.wp.com,intentional_existing_image_cdn,https://savinggrace.org.au/wp-content/uploads/2023/11/cropped-SGBC-Logo-new-no-flick-favicon-small-1-1.jpg,c8d73bd6bb5b523b3295f902b5cbcb22a489f73febb6525a60b0814645fe03d9,false,true,transformed_response_identity_unverified,f7c87772393ae307326335eef8ab4da131251e4e60a454786ca3de24fdf37ca1
f2d1c5b2475f42960087c9a6ce9798a1bec6a97e857105a667c3f7a6a6082995,https://i0.wp.com/savinggrace.org.au/wp-content/uploads/2023/12/mo9vkbg5csg.jpg?resize=1140%2C760&ssl=1,i0.wp.com,intentional_existing_image_cdn,https://savinggrace.org.au/wp-content/uploads/2023/12/mo9vkbg5csg.jpg,8b5f07153e575c7fe3eb394cf95552f6eeeb9995c802218eb0f55520207dc765,false,true,transformed_response_identity_unverified,f7c87772393ae307326335eef8ab4da131251e4e60a454786ca3de24fdf37ca1
f2e67781b735afd2efdf5daa0465750317cac7ec9de8941c75d99e0188b27304,https://i0.wp.com/www.savinggrace.org.au/wp-content/uploads/2023/12/yiftar2fjve.jpg?resize=555%2C740&ssl=1,i0.wp.com,intentional_existing_image_cdn,https://www.savinggrace.org.au/wp-content/uploads/2023/12/yiftar2fjve.jpg,b04d1941832243439d48f17a7b9ea55c61a1659119bf03a596248bf3e07f9688,false,true,transformed_response_identity_unverified,f7c87772393ae307326335eef8ab4da131251e4e60a454786ca3de24fdf37ca1
f3b392fb9ffb1298195811496ee33ef606f3c2c130a7d289b80529dee41c3aa6,https://i0.wp.com/savinggrace.org.au/wp-content/uploads/2023/12/u5e1kqw6e3m.jpg?resize=262%2C175&ssl=1,i0.wp.com,intentional_existing_image_cdn,https://savinggrace.org.au/wp-content/uploads/2023/12/u5e1kqw6e3m.jpg,2e4515927cb6e972394a097112951e9eb09ab59a205e56d40361edbc08ef2cb5,false,true,transformed_response_identity_unverified,f7c87772393ae307326335eef8ab4da131251e4e60a454786ca3de24fdf37ca1
f5e11304d6dc792b9c47b3ae305a7b0e94e135a27dba9f34f1072476088a03ed,https://i0.wp.com/www.savinggrace.org.au/wp-content/uploads/2023/12/vnlzft8kcg.jpg?resize=300%2C200&ssl=1,i0.wp.com,intentional_existing_image_cdn,https://www.savinggrace.org.au/wp-content/uploads/2023/12/vnlzft8kcg.jpg,00355c720bd4751be1bb6471f8cb2c0a978e604fe03b8a79ddf55e72c9f14a79,false,true,transformed_response_identity_unverified,f7c87772393ae307326335eef8ab4da131251e4e60a454786ca3de24fdf37ca1
f60eb58b84318942b7663c7aa82ed61efb872f01b31fe0174ec08272dd5399a5,https://i0.wp.com/savinggrace.org.au/wp-content/uploads/2023/12/Saving-Grace-Bible-Church-fellowship-1.jpg?resize=555%2C312&ssl=1,i0.wp.com,intentional_existing_image_cdn,https://savinggrace.org.au/wp-content/uploads/2023/12/Saving-Grace-Bible-Church-fellowship-1.jpg,cc061318465ddea1dd011822f6da166c17d2094cabf59e5407e4e1522a233971,false,true,transformed_response_identity_unverified,f7c87772393ae307326335eef8ab4da131251e4e60a454786ca3de24fdf37ca1
f60f46a3d6138acd0b6e9976f991ab2d63527b7b636c5be6e44960be9cb68dc3,https://i0.wp.com/www.savinggrace.org.au/wp-content/uploads/2021/02/Ralph.jpg?resize=290%2C300&ssl=1,i0.wp.com,intentional_existing_image_cdn,https://www.savinggrace.org.au/wp-content/uploads/2021/02/Ralph.jpg,b55c1facf0bfdb709ce55467e2cdbc65ad2c36ccc9fb2dcda77d93cbce3793ce,false,true,transformed_response_identity_unverified,f7c87772393ae307326335eef8ab4da131251e4e60a454786ca3de24fdf37ca1
f6c344fdb88838e521dcaba4889af748f7c75f94aefb69bdd62f4c208743e5e0,https://i0.wp.com/www.savinggrace.org.au/wp-content/uploads/2023/09/4k2lip0zc_k.jpg?resize=1024%2C684&ssl=1,i0.wp.com,intentional_existing_image_cdn,https://www.savinggrace.org.au/wp-content/uploads/2023/09/4k2lip0zc_k.jpg,204b323a0402167f379372c8ea6c3cdc9789ce15755d7e4c4a208b1618e8c8a7,false,true,transformed_response_identity_unverified,f7c87772393ae307326335eef8ab4da131251e4e60a454786ca3de24fdf37ca1
f6ffdaab52f1e8c60174779f9cc05182b422db162d0539a8156ed05bcefdb5e8,https://i0.wp.com/www.savinggrace.org.au/wp-content/uploads/2023/12/Saving-Grace-Bible-Church-fellowship-1.jpg?w=1920&ssl=1,i0.wp.com,intentional_existing_image_cdn,https://www.savinggrace.org.au/wp-content/uploads/2023/12/Saving-Grace-Bible-Church-fellowship-1.jpg,cc061318465ddea1dd011822f6da166c17d2094cabf59e5407e4e1522a233971,false,true,transformed_response_identity_unverified,f7c87772393ae307326335eef8ab4da131251e4e60a454786ca3de24fdf37ca1
f84bc125d0007ba71a689d5f96fda77b122117cd00a5250872032b4cf4ab6b01,https://i0.wp.com/savinggrace.org.au/wp-content/uploads/2023/12/y3tl-cbu-cu.jpg?resize=1140%2C751&ssl=1,i0.wp.com,intentional_existing_image_cdn,https://savinggrace.org.au/wp-content/uploads/2023/12/y3tl-cbu-cu.jpg,d0502d68f9e2c7f18fbfaf4edc3c8f0d6fc8568d36d7ee3411b9d6921019d908,false,true,transformed_response_identity_unverified,f7c87772393ae307326335eef8ab4da131251e4e60a454786ca3de24fdf37ca1
f959cdd93f61e3f4a7281f73aab2e56e49698ff355933a615c03b4b8e5df7c5f,https://i0.wp.com/www.savinggrace.org.au/wp-content/uploads/2023/12/Saving-Grace-Bible-Church-fellowship-1.jpg?resize=1536%2C864&ssl=1,i0.wp.com,intentional_existing_image_cdn,https://www.savinggrace.org.au/wp-content/uploads/2023/12/Saving-Grace-Bible-Church-fellowship-1.jpg,cc061318465ddea1dd011822f6da166c17d2094cabf59e5407e4e1522a233971,false,true,transformed_response_identity_unverified,f7c87772393ae307326335eef8ab4da131251e4e60a454786ca3de24fdf37ca1
fa05786d64b3b3219b20776799ee49e7e6511f3695850eef2a0aa4eabf7ab5f2,https://i0.wp.com/savinggrace.org.au/wp-content/uploads/2023/11/Ralph-Profile-Image.jpg?fit=250%2C300&ssl=1,i0.wp.com,intentional_existing_image_cdn,https://savinggrace.org.au/wp-content/uploads/2023/11/Ralph-Profile-Image.jpg,d3bcb6421d862144be492a3451cfdcae108420d67f58317c97e6147ac5ad31ae,false,true,transformed_response_identity_unverified,f7c87772393ae307326335eef8ab4da131251e4e60a454786ca3de24fdf37ca1
faad6c1fcefce646f86993923da12754deea5f9232d0e9a833853e77e7095aef,https://i0.wp.com/www.savinggrace.org.au/wp-content/uploads/2023/12/mo9vkbg5csg.jpg?resize=1536%2C1025&ssl=1,i0.wp.com,intentional_existing_image_cdn,https://www.savinggrace.org.au/wp-content/uploads/2023/12/mo9vkbg5csg.jpg,8b5f07153e575c7fe3eb394cf95552f6eeeb9995c802218eb0f55520207dc765,false,true,transformed_response_identity_unverified,f7c87772393ae307326335eef8ab4da131251e4e60a454786ca3de24fdf37ca1
fad1424bd0ebae7aad332a89986bc10f27f329d112b96b095d2f779025ffc43d,https://i0.wp.com/www.savinggrace.org.au/wp-content/uploads/2023/12/Music-Ministry-SGBC.jpg?resize=555%2C278&ssl=1,i0.wp.com,intentional_existing_image_cdn,https://www.savinggrace.org.au/wp-content/uploads/2023/12/Music-Ministry-SGBC.jpg,e3122ac86f937878c9a041a9887b3e8f15f4ba48158d6ee45f57ff1954d31eb3,false,true,transformed_response_identity_unverified,f7c87772393ae307326335eef8ab4da131251e4e60a454786ca3de24fdf37ca1
fb0ce1d59b417b9d3d922726d1b94a5e1a0f1a1d676c502453c59f001eb19749,https://i0.wp.com/www.savinggrace.org.au/wp-content/uploads/2021/02/WesProfile.jpg?resize=984%2C1024&ssl=1,i0.wp.com,intentional_existing_image_cdn,https://www.savinggrace.org.au/wp-content/uploads/2021/02/WesProfile.jpg,f38f2289c51831487270d8cb972c896a59951856a06c9a982c1f00a5faa98855,false,true,transformed_response_identity_unverified,f7c87772393ae307326335eef8ab4da131251e4e60a454786ca3de24fdf37ca1
fb123e53bcdc7a8e7edc85f7bed666b5947821b9c5f4a4ce1085dcd5374bbd35,https://i0.wp.com/savinggrace.org.au/wp-content/uploads/2023/09/pexels-photo-10874313-removebg-preview-200x300.png?resize=200%2C300&ssl=1,i0.wp.com,intentional_existing_image_cdn,https://savinggrace.org.au/wp-content/uploads/2023/09/pexels-photo-10874313-removebg-preview-200x300.png,f45f02e879bb05d4bc95fdd66f4264a85a63734347b007d1486d889fb061cedc,false,true,transformed_response_identity_unverified,f7c87772393ae307326335eef8ab4da131251e4e60a454786ca3de24fdf37ca1
fb9a3d15a475e7f19cba29727c43aa6c977cbb85741e12992bc7c12dda6a4b56,https://i0.wp.com/www.savinggrace.org.au/wp-content/uploads/2023/12/vnlzft8kcg.jpg?resize=1536%2C1024&ssl=1,i0.wp.com,intentional_existing_image_cdn,https://www.savinggrace.org.au/wp-content/uploads/2023/12/vnlzft8kcg.jpg,00355c720bd4751be1bb6471f8cb2c0a978e604fe03b8a79ddf55e72c9f14a79,false,true,transformed_response_identity_unverified,f7c87772393ae307326335eef8ab4da131251e4e60a454786ca3de24fdf37ca1
fceffa84f9492f192131b8d941a39459c91d1598024bf60b7b2b538bec9282e2,https://i0.wp.com/www.savinggrace.org.au/wp-content/uploads/2023/11/cropped-SGBC-Logo-new-no-flick-favicon-small-1-1.jpg?fit=32%2C32&ssl=1,i0.wp.com,intentional_existing_image_cdn,https://www.savinggrace.org.au/wp-content/uploads/2023/11/cropped-SGBC-Logo-new-no-flick-favicon-small-1-1.jpg,c8d73bd6bb5b523b3295f902b5cbcb22a489f73febb6525a60b0814645fe03d9,false,true,transformed_response_identity_unverified,f7c87772393ae307326335eef8ab4da131251e4e60a454786ca3de24fdf37ca1
fd2e5673a39de85db437026f56736dbe5eb64a5254c7610a13ab3f3f68e96763,https://i0.wp.com/www.savinggrace.org.au/wp-content/uploads/2023/11/1xwvmneiyky.jpg?resize=200%2C300&ssl=1,i0.wp.com,intentional_existing_image_cdn,https://www.savinggrace.org.au/wp-content/uploads/2023/11/1xwvmneiyky.jpg,058684c0516fa9f62b9850aaaffb38b7e15249c28f31786e8263d94d71fb902b,false,true,transformed_response_identity_unverified,f7c87772393ae307326335eef8ab4da131251e4e60a454786ca3de24fdf37ca1
fe1c51bc88c692facb6a251554b90503fc00f5c9dd9ccb35396246ccc2ea7ac1,https://i0.wp.com/savinggrace.org.au/wp-content/uploads/2023/12/New-Project-2.jpg?resize=236%2C154&ssl=1,i0.wp.com,intentional_existing_image_cdn,https://savinggrace.org.au/wp-content/uploads/2023/12/New-Project-2.jpg,bd0fd3955ff759da14bc9f073dd4d2329c9a8c6e8f08dbfaef31fc05e91b4e39,false,true,transformed_response_identity_unverified,f7c87772393ae307326335eef8ab4da131251e4e60a454786ca3de24fdf37ca1
ff437384700f324ce590d5b23929adc71558545db03a6ca6fa597e196d1c6015,https://i0.wp.com/savinggrace.org.au/wp-content/uploads/2023/12/Cross-reduced-1-scaled.jpg?resize=2048%2C1365&ssl=1,i0.wp.com,intentional_existing_image_cdn,https://savinggrace.org.au/wp-content/uploads/2023/12/Cross-reduced-1-scaled.jpg,bd5d3471058cae05b97d2ad12efa0476254f10d9f04603c160af130b50b24960,false,true,transformed_response_identity_unverified,f7c87772393ae307326335eef8ab4da131251e4e60a454786ca3de24fdf37ca1
